imdb_id,genre
tt0078721,Comedy
tt0078721,Romance
tt0078723,Action
tt0078723,Comedy
tt0078723,War
tt0322259,Action
tt0322259,Crime
tt0322259,Thriller
tt0298203,Drama
tt0298203,Music
tt0075784,Drama
tt0075784,History
tt0075784,War
tt1517451,Drama
tt1517451,Music
tt1517451,Romance
tt0117913,Crime
tt0117913,Drama
tt0117913,Thriller
tt0090264,Action
tt0090264,Adventure
tt0090264,Thriller
tt0109040,Comedy
tt0118571,Action
tt0118571,Drama
tt0118571,Thriller
tt0080339,Comedy
tt0103639,Adventure
tt0103639,Animation
tt0103639,Comedy
tt6139732,Adventure
tt6139732,Comedy
tt6139732,Family
tt0090605,Action
tt0090605,Adventure
tt0090605,Sci-Fi
tt0343135,Comedy
tt0343135,Romance
tt1231580,Adventure
tt1231580,Animation
tt1231580,Comedy
tt0163651,Comedy
tt0252866,Comedy
tt0305224,Comedy
tt0075686,Comedy
tt0075686,Romance
tt5095030,Action
tt5095030,Adventure
tt5095030,Comedy
tt1024648,Biography
tt1024648,Drama
tt1024648,Thriller
tt0499549,Action
tt0499549,Adventure
tt0499549,Fantasy
tt4154756,Action
tt4154756,Adventure
tt4154756,Sci-Fi
tt0096874,Adventure
tt0096874,Comedy
tt0096874,Sci-Fi
tt0172156,Action
tt0172156,Comedy
tt0172156,Crime
tt2771200,Adventure
tt2771200,Family
tt2771200,Fantasy
tt0086960,Action
tt0086960,Comedy
tt0086960,Crime
tt0142342,Comedy
tt0142342,Drama
tt2245084,Action
tt2245084,Adventure
tt2245084,Animation
tt3480822,Action
tt3480822,Adventure
tt3480822,Sci-Fi
tt0101507,Crime
tt0101507,Drama
tt0072737,Action
tt0072737,Adventure
tt0072737,Drama
tt0458339,Action
tt0458339,Adventure
tt0458339,Sci-Fi
tt1216475,Adventure
tt1216475,Animation
tt1216475,Comedy
tt0381061,Action
tt0381061,Adventure
tt0381061,Thriller
tt1489889,Action
tt1489889,Comedy
tt1489889,Crime
tt0071315,Drama
tt0071315,Mystery
tt0071315,Thriller
tt0087062,Action
tt0087062,Comedy
tt0087062,Crime
tt0082186,Action
tt0082186,Adventure
tt0082186,Family
tt0109444,Action
tt0109444,Crime
tt0109444,Drama
tt0389860,Comedy
tt0389860,Drama
tt0389860,Fantasy
tt0075860,Drama
tt0075860,Sci-Fi
tt0094898,Comedy
tt0094898,Romance
tt0118883,Action
tt0118883,Mystery
tt0118883,Thriller
tt0317303,Comedy
tt0317303,Family
tt0077394,Horror
tt0097165,Comedy
tt0097165,Drama
tt0106697,Action
tt0106697,Sci-Fi
tt0106697,Thriller
tt0099422,Action
tt0099422,Comedy
tt0099422,Crime
tt0145742,Crime
tt0101745,Comedy
tt0101745,Drama
tt0101745,Romance
tt0090966,Comedy
tt0240462,Comedy
tt0240462,Family
tt0240462,Fantasy
tt3861390,Adventure
tt3861390,Family
tt3861390,Fantasy
tt1160419,Action
tt1160419,Adventure
tt1160419,Drama
tt5013056,Action
tt5013056,Drama
tt5013056,History
tt0099487,Drama
tt0099487,Fantasy
tt0099487,Romance
tt0397313,Adventure
tt0397313,Drama
tt0397313,Family
tt0319343,Adventure
tt0319343,Comedy
tt0319343,Family
tt0082340,Action
tt0082340,Adventure
tt0082340,Sci-Fi
tt0077523,Action
tt0077523,Comedy
tt0116253,Action
tt0116253,Adventure
tt0116253,Thriller
tt3183660,Adventure
tt3183660,Family
tt3183660,Fantasy
tt4123430,Adventure
tt4123430,Family
tt4123430,Fantasy
tt0983946,Action
tt0983946,Adventure
tt0983946,Fantasy
tt6806448,Action
tt6806448,Adventure
tt6806448,Thriller
tt0083929,Comedy
tt0083929,Drama
tt0093010,Drama
tt0093010,Thriller
tt0083943,Action
tt0083943,Adventure
tt0083943,Thriller
tt0099582,Drama
tt0099582,Horror
tt0099582,Sci-Fi
tt0119137,Comedy
tt0119137,Family
tt0119137,Sci-Fi
tt0322330,Comedy
tt0322330,Family
tt0322330,Fantasy
tt0071521,Action
tt0071521,Comedy
tt0071521,Crime
tt0073018,Action
tt0073018,Crime
tt0073018,Drama
tt0068611,Thriller
tt2294629,Adventure
tt2294629,Animation
tt2294629,Comedy
tt2820852,Action
tt2820852,Adventure
tt2820852,Thriller
tt5052448,Horror
tt5052448,Mystery
tt5052448,Thriller
tt0113161,Comedy
tt0113161,Crime
tt0113161,Thriller
tt0087332,Action
tt0087332,Comedy
tt0087332,Fantasy
tt0172495,Action
tt0172495,Adventure
tt0172495,Drama
tt0120685,Action
tt0120685,Sci-Fi
tt0120685,Thriller
tt0831387,Action
tt0831387,Adventure
tt0831387,Sci-Fi
tt5034838,Action
tt5034838,Sci-Fi
tt5034838,Thriller
tt2267998,Drama
tt2267998,Mystery
tt2267998,Thriller
tt0187078,Action
tt0187078,Crime
tt0187078,Thriller
tt0077631,Musical
tt0077631,Romance
tt1375670,Comedy
tt2191701,Comedy
tt2015381,Action
tt2015381,Adventure
tt2015381,Comedy
tt0427327,Comedy
tt0427327,Drama
tt0427327,Musical
tt10665338,Horror
tt10665338,Thriller
tt0295297,Adventure
tt0295297,Family
tt0295297,Fantasy
tt0373889,Action
tt0373889,Adventure
tt0373889,Family
tt0077663,Comedy
tt0077663,Fantasy
tt0077663,Romance
tt0071607,Comedy
tt0071607,Family
tt0071607,Fantasy
tt0119282,Adventure
tt0119282,Animation
tt0119282,Comedy
tt0076138,Comedy
tt0076138,Drama
tt0164052,Action
tt0164052,Horror
tt0164052,Sci-Fi
tt2224026,Adventure
tt2224026,Animation
tt2224026,Comedy
tt5884960,Documentary
tt5220122,Adventure
tt5220122,Animation
tt5220122,Comedy
tt0892769,Action
tt0892769,Adventure
tt0892769,Animation
tt0119345,Horror
tt0119345,Mystery
tt1667889,Adventure
tt1667889,Animation
tt1667889,Comedy
tt2024432,Comedy
tt2024432,Crime
tt2024432,Drama
tt0107206,Action
tt0107206,Crime
tt0107206,Drama
tt0107211,Drama
tt0107211,Romance
tt0116629,Action
tt0116629,Adventure
tt0116629,Sci-Fi
tt0077745,Horror
tt0077745,Sci-Fi
tt1396484,Horror
tt0073195,Adventure
tt0073195,Thriller
tt0077766,Adventure
tt0077766,Horror
tt0077766,Thriller
tt1156454,Action
tt1156454,Adventure
tt1156454,Family
tt0373051,Action
tt0373051,Adventure
tt0373051,Family
tt7975244,Action
tt7975244,Adventure
tt7975244,Comedy
tt0369610,Action
tt0369610,Adventure
tt0369610,Sci-Fi
tt4881806,Action
tt4881806,Adventure
tt4881806,Sci-Fi
tt0074751,Adventure
tt0074751,Horror
tt8946378,Comedy
tt8946378,Crime
tt8946378,Drama
tt0093378,Biography
tt0093378,Drama
tt0093378,Music
tt0107362,Action
tt0107362,Adventure
tt0107362,Comedy
tt0250494,Comedy
tt0250494,Romance
tt0275847,Adventure
tt0275847,Animation
tt0275847,Comedy
tt0970866,Comedy
tt0970866,Romance
tt0070328,Action
tt0070328,Adventure
tt0070328,Thriller
tt1392190,Action
tt1392190,Adventure
tt1392190,Sci-Fi
tt0479952,Adventure
tt0479952,Animation
tt0479952,Comedy
tt0077889,Drama
tt0077889,Horror
tt0070355,Action
tt0070355,Crime
tt0070355,Mystery
tt4777008,Adventure
tt4777008,Family
tt4777008,Fantasy
tt0089560,Biography
tt0089560,Drama
tt0317919,Action
tt0317919,Adventure
tt0317919,Thriller
tt0369735,Comedy
tt0369735,Romance
tt1453405,Adventure
tt1453405,Animation
tt1453405,Comedy
tt0864835,Adventure
tt0864835,Animation
tt0864835,Comedy
tt0120762,Adventure
tt0120762,Animation
tt0120762,Comedy
tt0074937,Comedy
tt0074937,Crime
tt0074937,Mystery
tt0071877,Crime
tt0071877,Drama
tt0071877,Mystery
tt0074958,Drama
tt0102526,Action
tt0102526,Crime
tt0102526,Drama
tt10954652,Drama
tt10954652,Horror
tt10954652,Mystery
tt1114740,Action
tt1114740,Comedy
tt1114740,Crime
tt0091738,Comedy
tt0091738,Drama
tt0091738,Fantasy
tt0089822,Comedy
tt0091777,Comedy
tt0091778,Horror
tt0100404,Mystery
tt0100404,Thriller
tt0110912,Crime
tt0110912,Drama
tt0448694,Adventure
tt0448694,Animation
tt0448694,Comedy
tt5109280,Action
tt5109280,Adventure
tt5109280,Animation
tt1436562,Adventure
tt1436562,Animation
tt1436562,Comedy
tt0107969,Action
tt0107969,Crime
tt0107969,Drama
tt0086200,Comedy
tt0086200,Crime
tt0086200,Drama
tt0257044,Crime
tt0257044,Drama
tt0257044,Thriller
tt0102798,Action
tt0102798,Adventure
tt0102798,Drama
tt0075148,Drama
tt0075148,Sport
tt0084602,Drama
tt0084602,Sport
tt3748528,Action
tt3748528,Adventure
tt3748528,Sci-Fi
tt0091875,Action
tt0091875,Comedy
tt0091875,Crime
tt0206275,Drama
tt0206275,Music
tt0206275,Romance
tt0134084,Horror
tt0134084,Mystery
tt0098273,Crime
tt0098273,Drama
tt0098273,Mystery
tt0078227,Comedy
tt0078227,Romance
tt0078227,Sport
tt0070666,Biography
tt0070666,Crime
tt0070666,Drama
tt1000774,Comedy
tt1000774,Drama
tt1000774,Romance
tt0073692,Comedy
tt0073692,Drama
tt0448115,Action
tt0448115,Adventure
tt0448115,Comedy
tt1515091,Action
tt1515091,Adventure
tt1515091,Mystery
tt0075222,Comedy
tt0105417,Comedy
tt0105417,Family
tt0105417,Music
tt0069303,Drama
tt0069303,Family
tt0094012,Adventure
tt0094012,Comedy
tt0094012,Sci-Fi
tt0114508,Action
tt0114508,Horror
tt0114508,Sci-Fi
tt0145487,Action
tt0145487,Adventure
tt0145487,Sci-Fi
tt6320628,Action
tt6320628,Adventure
tt6320628,Sci-Fi
tt0227538,Action
tt0227538,Adventure
tt0227538,Comedy
tt0796366,Action
tt0796366,Adventure
tt0796366,Sci-Fi
tt0098382,Action
tt0098382,Adventure
tt0098382,Fantasy
tt0102975,Action
tt0102975,Adventure
tt0102975,Sci-Fi
tt0117731,Action
tt0117731,Adventure
tt0117731,Drama
tt0111280,Action
tt0111280,Adventure
tt0111280,Mystery
tt0079945,Adventure
tt0079945,Mystery
tt0079945,Sci-Fi
tt0335438,Comedy
tt0335438,Crime
tt0079948,Comedy
tt0079948,Romance
tt0098384,Comedy
tt0098384,Drama
tt0098384,Romance
tt0083131,Comedy
tt0083131,War
tt0164912,Adventure
tt0164912,Comedy
tt0164912,Family
tt0086383,Action
tt0086383,Crime
tt0086383,Thriller
tt1386697,Action
tt1386697,Adventure
tt1386697,Fantasy
tt3263904,Biography
tt3263904,Drama
tt0078346,Action
tt0078346,Adventure
tt0078346,Drama
tt0086393,Action
tt0086393,Adventure
tt0086393,Comedy
tt1291150,Action
tt1291150,Adventure
tt1291150,Comedy
tt0103060,Action
tt0103060,Adventure
tt0103060,Comedy
tt0181852,Action
tt0181852,Sci-Fi
tt0438488,Action
tt0438488,Sci-Fi
tt1872181,Action
tt1872181,Adventure
tt1872181,Fantasy
tt0072653,Comedy
tt0072653,Family
tt0072653,Western
tt0074174,Comedy
tt0074174,Drama
tt0074174,Family
tt0115685,Comedy
tt0878804,Biography
tt0878804,Drama
tt0878804,Sport
tt0103855,Action
tt0103855,Drama
tt0103855,Music
tt0258463,Action
tt0258463,Mystery
tt0258463,Thriller
tt0499448,Action
tt0499448,Adventure
tt0499448,Family
tt0109446,Crime
tt0109446,Drama
tt0109446,Mystery
tt0481499,Adventure
tt0481499,Animation
tt0481499,Comedy
tt0382625,Mystery
tt0382625,Thriller
tt1345836,Action
tt1345836,Crime
tt0069946,Drama
tt0069946,Sci-Fi
tt0069946,Thriller
tt0072926,Action
tt0072926,Crime
tt0072926,Thriller
tt0080678,Biography
tt0080678,Drama
tt0077504,Comedy
tt0077504,Drama
tt0232500,Action
tt0232500,Crime
tt0232500,Thriller
tt0091064,Drama
tt0091064,Horror
tt0091064,Sci-Fi
tt0082406,Adventure
tt0082406,Animation
tt0082406,Drama
tt0076070,Action
tt0076070,Crime
tt0076070,Thriller
tt0091129,Action
tt0091129,Adventure
tt0091129,Comedy
tt1979388,Adventure
tt1979388,Animation
tt1979388,Comedy
tt0089218,Adventure
tt0089218,Comedy
tt0089218,Family
tt1411697,Comedy
tt2310332,Adventure
tt2310332,Fantasy
tt1170358,Adventure
tt1170358,Fantasy
tt1951264,Action
tt1951264,Drama
tt1951264,Mystery
tt1951266,Action
tt1951266,Adventure
tt1951266,Sci-Fi
tt0317705,Action
tt0317705,Adventure
tt0317705,Animation
tt0317740,Action
tt0317740,Crime
tt0317740,Thriller
tt0110366,Comedy
tt0110366,Family
tt0110366,Romance
tt0077869,Adventure
tt0077869,Animation
tt0077869,Fantasy
tt0167261,Action
tt0167261,Adventure
tt0167261,Drama
tt0079510,Comedy
tt0079510,Romance
tt0079510,Sport
tt0110475,Action
tt0110475,Comedy
tt0110475,Crime
tt0120746,Action
tt0120746,Adventure
tt0120746,Comedy
tt0074906,Drama
tt0074906,Western
tt0079588,Adventure
tt0079588,Comedy
tt0079588,Family
tt0095705,Comedy
tt0095705,Crime
tt0076507,Drama
tt0076507,Romance
tt0076507,Thriller
tt0230600,Horror
tt0230600,Mystery
tt0230600,Thriller
tt0076618,Adventure
tt0076618,Animation
tt0076618,Comedy
tt2709768,Adventure
tt2709768,Animation
tt2709768,Comedy
tt5113040,Adventure
tt5113040,Animation
tt5113040,Comedy
tt0093936,Comedy
tt0093936,Romance
tt0102926,Crime
tt0102926,Drama
tt0102926,Horror
tt0462538,Adventure
tt0462538,Animation
tt0462538,Comedy
tt2279373,Adventure
tt2279373,Animation
tt2279373,Comedy
tt0076752,Action
tt0076752,Adventure
tt0076752,Thriller
tt0084749,Action
tt0084749,Adventure
tt0084749,Fantasy
tt0120484,Comedy
tt0120484,Sport
tt0070903,Drama
tt0070903,Romance
tt1430132,Action
tt1430132,Sci-Fi
tt0143145,Action
tt0143145,Adventure
tt0143145,Thriller
tt0800369,Action
tt0800369,Adventure
tt0800369,Fantasy
tt0073802,Crime
tt0073802,Mystery
tt0073802,Thriller
tt0088272,Crime
tt0088272,Mystery
tt0088272,Thriller
tt1361336,Adventure
tt1361336,Animation
tt1361336,Comedy
tt0120347,Action
tt0120347,Adventure
tt0120347,Thriller
tt0084805,Comedy
tt0084805,Drama
tt0084805,Romance
tt0098536,Comedy
tt0098536,Crime
tt0098536,Drama
tt0086491,Horror
tt0086491,Sci-Fi
tt0096320,Comedy
tt0096320,Crime
tt0105690,Action
tt0105690,Thriller
tt0078446,Comedy
tt0078446,Music
tt0081696,Drama
tt0081696,Romance
tt0081696,Western
tt7097896,Action
tt7097896,Adventure
tt7097896,Sci-Fi
tt0396269,Comedy
tt0396269,Romance
tt0105812,Comedy
tt0105812,Drama
tt0105812,Sport
tt0451279,Action
tt0451279,Adventure
tt0451279,Fantasy
tt1877832,Action
tt1877832,Adventure
tt1877832,Sci-Fi
tt0115433,Adventure
tt0115433,Comedy
tt0115433,Crime
tt2294449,Action
tt2294449,Comedy
tt2294449,Crime
tt0104257,Drama
tt0104257,Thriller
tt0075648,Action
tt0075648,Drama
tt0075648,Thriller
tt2049386,Fantasy
tt2049386,Musical
tt1014759,Adventure
tt1014759,Family
tt1014759,Fantasy
tt0069704,Comedy
tt0069704,Drama
tt0090633,Adventure
tt0090633,Animation
tt0090633,Comedy
tt0082010,Comedy
tt0082010,Horror
tt0122933,Comedy
tt0122933,Crime
tt0478970,Action
tt0478970,Adventure
tt0478970,Comedy
tt0078788,Drama
tt0078788,Mystery
tt0078788,War
tt1477834,Action
tt1477834,Adventure
tt1477834,Fantasy
tt0368578,Adventure
tt0368578,Comedy
tt0368578,Family
tt0295178,Action
tt0295178,Adventure
tt0295178,Comedy
tt0145660,Action
tt0145660,Adventure
tt0145660,Comedy
tt4154796,Action
tt4154796,Adventure
tt4154796,Drama
tt0090685,Comedy
tt0090685,Romance
tt0090685,Sport
tt0088763,Adventure
tt0088763,Comedy
tt0088763,Sci-Fi
tt0099088,Adventure
tt0099088,Comedy
tt0099088,Sci-Fi
tt4651520,Comedy
tt0072684,Adventure
tt0072684,Drama
tt0072684,History
tt0103772,Drama
tt0103772,Mystery
tt0103772,Thriller
tt0118688,Action
tt0118688,Sci-Fi
tt0372784,Action
tt0372784,Adventure
tt0112462,Action
tt0112462,Adventure
tt0069768,Action
tt0069768,Sci-Fi
tt0103786,Comedy
tt0103786,Drama
tt0103786,Family
tt0092644,Action
tt0092644,Comedy
tt0092644,Crime
tt0094746,Comedy
tt0094746,Drama
tt0083658,Action
tt0083658,Sci-Fi
tt0083658,Thriller
tt0092666,Comedy
tt0092666,Romance
tt1478338,Comedy
tt1478338,Romance
tt0305669,Comedy
tt0068327,Drama
tt0068327,Music
tt0068327,Musical
tt3498820,Action
tt3498820,Adventure
tt3498820,Sci-Fi
tt1843866,Action
tt1843866,Adventure
tt1843866,Sci-Fi
tt0074285,Horror
tt0074285,Mystery
tt0317219,Adventure
tt0317219,Animation
tt0317219,Comedy
tt0162222,Adventure
tt0162222,Drama
tt0162222,Romance
tt0371606,Adventure
tt0371606,Animation
tt0371606,Comedy
tt1661199,Adventure
tt1661199,Drama
tt1661199,Family
tt5089556,Fantasy
tt0120632,Drama
tt0120632,Fantasy
tt0120632,Romance
tt0088944,Action
tt0088944,Adventure
tt0088944,Thriller
tt0118880,Action
tt0118880,Crime
tt0118880,Thriller
tt0115956,Action
tt0115956,Drama
tt0115956,Mystery
tt0068468,Adult
tt0068468,Comedy
tt0068473,Adventure
tt0068473,Drama
tt0068473,Thriller
tt1690953,Adventure
tt1690953,Animation
tt1690953,Comedy
tt3469046,Adventure
tt3469046,Animation
tt3469046,Comedy
tt0092890,Drama
tt0092890,Music
tt0092890,Romance
tt1840309,Action
tt1840309,Adventure
tt1840309,Mystery
tt0092925,Comedy
tt0092925,Crime
tt0080661,Crime
tt0080661,Drama
tt0080661,Mystery
tt0461770,Adventure
tt0461770,Animation
tt0461770,Comedy
tt0116213,Action
tt0116213,Drama
tt0116213,Thriller
tt0079116,Action
tt0079116,Biography
tt0079116,Crime
tt5433138,Action
tt5433138,Adventure
tt5433138,Crime
tt0119094,Action
tt0119094,Crime
tt0119094,Sci-Fi
tt1596343,Action
tt1596343,Adventure
tt1596343,Crime
tt0085549,Drama
tt0085549,Music
tt0085549,Romance
tt0408790,Drama
tt0408790,Mystery
tt0408790,Thriller
tt0369436,Comedy
tt0369436,Drama
tt0369436,Romance
tt0109831,Comedy
tt0109831,Drama
tt0109831,Romance
tt0080761,Horror
tt0080761,Mystery
tt0080761,Thriller
tt0093058,Drama
tt0093058,War
tt1583421,Action
tt1583421,Adventure
tt1583421,Sci-Fi
tt1046173,Action
tt1046173,Adventure
tt1046173,Sci-Fi
tt0097428,Action
tt0097428,Comedy
tt0097428,Fantasy
tt1133985,Action
tt1133985,Adventure
tt1133985,Sci-Fi
tt1502407,Crime
tt1502407,Horror
tt1502407,Thriller
tt0448157,Action
tt0448157,Drama
tt0448157,Fantasy
tt0099785,Comedy
tt0099785,Family
tt2510894,Adventure
tt2510894,Animation
tt2510894,Comedy
tt0170016,Comedy
tt0170016,Family
tt0170016,Fantasy
tt1646971,Action
tt1646971,Adventure
tt1646971,Animation
tt0268380,Adventure
tt0268380,Animation
tt0268380,Comedy
tt1080016,Adventure
tt1080016,Animation
tt1080016,Comedy
tt0438097,Adventure
tt0438097,Animation
tt0438097,Comedy
tt0119360,Comedy
tt0119360,Romance
tt3606756,Action
tt3606756,Adventure
tt3606756,Animation
tt0367882,Action
tt0367882,Adventure
tt0087469,Action
tt0087469,Adventure
tt0141369,Action
tt0141369,Adventure
tt0141369,Comedy
tt1300854,Action
tt1300854,Adventure
tt1300854,Sci-Fi
tt0085750,Adventure
tt0085750,Horror
tt0085750,Thriller
tt0070239,Drama
tt0070239,History
tt0070239,Musical
tt0870154,Action
tt0870154,Adventure
tt0870154,Comedy
tt0163025,Action
tt0163025,Adventure
tt0163025,Sci-Fi
tt0478311,Comedy
tt0478311,Romance
tt0070849,Drama
tt0070849,Romance
tt0093409,Action
tt0093409,Crime
tt0093409,Thriller
tt0097733,Action
tt0097733,Crime
tt0097733,Thriller
tt0119528,Comedy
tt0119528,Fantasy
tt7545266,Comedy
tt0081060,Comedy
tt0081060,Drama
tt0337978,Action
tt0337978,Thriller
tt0079489,Comedy
tt0073317,Comedy
tt0073317,Crime
tt0073317,Drama
tt0097815,Comedy
tt0097815,Sport
tt0770828,Action
tt0770828,Adventure
tt0770828,Sci-Fi
tt0079522,Comedy
tt0079522,Drama
tt0079522,Romance
tt5028340,Adventure
tt5028340,Comedy
tt5028340,Family
tt0212338,Comedy
tt0212338,Romance
tt2293640,Adventure
tt2293640,Animation
tt2293640,Comedy
tt0181689,Action
tt0181689,Crime
tt0181689,Mystery
tt2381249,Action
tt2381249,Adventure
tt2381249,Thriller
tt0079574,Action
tt0079574,Adventure
tt0079574,Sci-Fi
tt0085970,Comedy
tt0085970,Drama
tt0110622,Comedy
tt0110622,Crime
tt0086006,Action
tt0086006,Adventure
tt0086006,Thriller
tt0125439,Comedy
tt0125439,Drama
tt0125439,Romance
tt0095776,Adventure
tt0095776,Animation
tt0095776,Comedy
tt0327084,Adventure
tt0327084,Animation
tt0327084,Comedy
tt0070510,Comedy
tt0070510,Crime
tt0070510,Drama
tt0098067,Comedy
tt0098067,Drama
tt0105112,Action
tt0105112,Thriller
tt0213149,Action
tt0213149,Drama
tt0213149,History
tt0069080,Comedy
tt0069080,Drama
tt0069080,Romance
tt0325980,Action
tt0325980,Adventure
tt0325980,Fantasy
tt2848292,Comedy
tt2848292,Music
tt0087928,Comedy
tt0081353,Adventure
tt0081353,Comedy
tt0081353,Family
tt0093773,Action
tt0093773,Adventure
tt0093773,Sci-Fi
tt5848272,Adventure
tt5848272,Animation
tt5848272,Comedy
tt0095956,Action
tt0095956,Adventure
tt0117438,Action
tt0117438,Crime
tt0117438,Thriller
tt1677720,Action
tt1677720,Adventure
tt1677720,Sci-Fi
tt0210945,Biography
tt0210945,Drama
tt0210945,Sport
tt0088000,Comedy
tt0078163,Comedy
tt0078163,Crime
tt0078163,Mystery
tt1318514,Action
tt1318514,Drama
tt1318514,Sci-Fi
tt0100502,Action
tt0100502,Crime
tt0100502,Sci-Fi
tt0358082,Adventure
tt0358082,Animation
tt0358082,Comedy
tt0107985,Comedy
tt0107985,Family
tt0107985,Fantasy
tt0257076,Action
tt0257076,Adventure
tt0257076,Crime
tt1599348,Action
tt1599348,Thriller
tt0120815,Drama
tt0120815,War
tt0175142,Comedy
tt0114369,Crime
tt0114369,Drama
tt0114369,Mystery
tt9376612,Action
tt9376612,Adventure
tt9376612,Fantasy
tt0091949,Comedy
tt0091949,Family
tt0091949,Sci-Fi
tt0413267,Adventure
tt0413267,Animation
tt0413267,Comedy
tt0075223,Action
tt0075223,Comedy
tt0075223,Crime
tt0090022,Action
tt0090022,Crime
tt0090022,Drama
tt1074638,Action
tt1074638,Adventure
tt1074638,Thriller
tt0081529,Action
tt0081529,Adventure
tt0081529,Comedy
tt1735898,Action
tt1735898,Adventure
tt1735898,Drama
tt0186566,Action
tt0186566,Adventure
tt0186566,Thriller
tt2379713,Action
tt2379713,Adventure
tt2379713,Thriller
tt2250912,Action
tt2250912,Adventure
tt2250912,Sci-Fi
tt0338459,Action
tt0338459,Adventure
tt0338459,Comedy
tt0092005,Adventure
tt0092005,Drama
tt0084726,Action
tt0084726,Adventure
tt0084726,Sci-Fi
tt0088170,Action
tt0088170,Adventure
tt0088170,Sci-Fi
tt0415306,Comedy
tt0415306,Sport
tt1706697,Drama
tt0398286,Adventure
tt0398286,Animation
tt0398286,Comedy
tt1637725,Comedy
tt0096754,Adventure
tt0096754,Drama
tt0096754,Mystery
tt11125620,Adventure
tt11125620,Animation
tt11125620,Comedy
tt0072608,Comedy
tt0072608,Crime
tt0072608,Music
tt0948470,Action
tt0948470,Adventure
tt0948470,Fantasy
tt0848228,Action
tt0848228,Adventure
tt0848228,Sci-Fi
tt0083642,Comedy
tt0083642,Musical
tt0080455,Action
tt0080455,Adventure
tt0080455,Comedy
tt3874544,Adventure
tt3874544,Animation
tt3874544,Comedy
tt6932874,Adventure
tt6932874,Animation
tt6932874,Comedy
tt1194173,Action
tt1194173,Adventure
tt1194173,Thriller
tt0440963,Action
tt0440963,Adventure
tt0440963,Mystery
tt0088847,Comedy
tt0088847,Drama
tt0082136,Action
tt0082136,Comedy
tt0082136,Sport
tt0090863,Drama
tt0090863,Sport
tt7069210,Horror
tt7069210,Mystery
tt7069210,Thriller
tt2850386,Adventure
tt2850386,Animation
tt2850386,Comedy
tt0069947,Crime
tt0069947,Drama
tt0069947,Thriller
tt0458352,Comedy
tt0458352,Drama
tt2908446,Action
tt2908446,Adventure
tt2908446,Sci-Fi
tt0074483,Action
tt0074483,Crime
tt0074483,Thriller
tt4630562,Action
tt4630562,Adventure
tt4630562,Crime
tt0119116,Action
tt0119116,Adventure
tt0119116,Sci-Fi
tt0106918,Drama
tt0106918,Mystery
tt0106918,Thriller
tt0109813,Comedy
tt0109813,Family
tt0109813,Fantasy
tt10327252,Action
tt10327252,Horror
tt10327252,Thriller
tt0106977,Action
tt0106977,Crime
tt0106977,Drama
tt0068646,Crime
tt0068646,Drama
tt0082474,Adventure
tt0082474,Comedy
tt0082474,Crime
tt0073075,Adventure
tt0073075,Drama
tt1119646,Comedy
tt0171363,Fantasy
tt0171363,Horror
tt0171363,Mystery
tt1454029,Drama
tt0119314,Drama
tt0119314,Romance
tt0119314,Western
tt1392170,Action
tt1392170,Adventure
tt1392170,Sci-Fi
tt0099810,Action
tt0099810,Adventure
tt0099810,Thriller
tt0079336,Action
tt0079336,Adventure
tt0079336,Comedy
tt0938283,Action
tt0938283,Adventure
tt0938283,Family
tt0102266,Action
tt0102266,Comedy
tt0102266,Crime
tt0068833,Crime
tt0068833,Horror
tt0068833,Thriller
tt0104691,Action
tt0104691,Adventure
tt0104691,Drama
tt0918940,Action
tt0918940,Adventure
tt0918940,Drama
tt0074797,Adventure
tt0074797,Family
tt0074797,Western
tt0110357,Adventure
tt0110357,Animation
tt0110357,Drama
tt6105098,Adventure
tt6105098,Animation
tt6105098,Drama
tt0097757,Animation
tt0097757,Family
tt0097757,Fantasy
tt0093428,Action
tt0093428,Adventure
tt0093428,Thriller
tt0120737,Action
tt0120737,Adventure
tt0120737,Drama
tt3659388,Adventure
tt3659388,Drama
tt3659388,Sci-Fi
tt0133093,Action
tt0133093,Sci-Fi
tt0242653,Action
tt0242653,Sci-Fi
tt4779682,Action
tt4779682,Horror
tt4779682,Sci-Fi
tt0209163,Action
tt0209163,Adventure
tt0209163,Fantasy
tt0117218,Comedy
tt0117218,Romance
tt0117218,Sci-Fi
tt1386588,Action
tt1386588,Comedy
tt1386588,Crime
tt0073496,Biography
tt0073496,Drama
tt0073496,Romance
tt0187393,Action
tt0187393,Drama
tt0187393,History
tt0177971,Action
tt0177971,Adventure
tt0177971,Drama
tt0075066,Comedy
tt0075066,Crime
tt0338348,Adventure
tt0338348,Animation
tt0338348,Comedy
tt0075086,Comedy
tt0075086,Romance
tt0247638,Comedy
tt0247638,Family
tt0247638,Romance
tt1041829,Comedy
tt1041829,Drama
tt1041829,Romance
tt0454921,Biography
tt0454921,Drama
tt0298130,Horror
tt0298130,Mystery
tt0134067,Adventure
tt0134067,Animation
tt0134067,Comedy
tt0081505,Drama
tt0081505,Horror
tt0167404,Drama
tt0167404,Mystery
tt0167404,Thriller
tt6334354,Action
tt6334354,Adventure
tt6334354,Comedy
tt0108333,Action
tt0108333,Adventure
tt0108333,Comedy
tt0072317,Action
tt0072317,Drama
tt0072317,Music
tt0120382,Comedy
tt0120382,Drama
tt0076843,Drama
tt0076843,Romance
tt1325004,Action
tt1325004,Adventure
tt1325004,Drama
tt0094226,Crime
tt0094226,Drama
tt0094226,Thriller
tt1606389,Drama
tt1606389,Romance
tt0094332,Comedy
tt0094332,Fantasy
tt0094332,Horror
tt0114709,Adventure
tt0114709,Animation
tt0114709,Comedy
tt0086465,Comedy
tt0418279,Action
tt0418279,Adventure
tt0418279,Sci-Fi
tt2109248,Action
tt2109248,Adventure
tt2109248,Sci-Fi
tt0105695,Drama
tt0105695,Western
tt1049413,Adventure
tt1049413,Animation
tt1049413,Comedy
tt6857112,Horror
tt6857112,Mystery
tt6857112,Thriller
tt0338526,Action
tt0338526,Adventure
tt0338526,Fantasy
tt0073878,Comedy
tt0493464,Action
tt0493464,Crime
tt0493464,Thriller
tt0086567,Action
tt0086567,Adventure
tt0086567,Drama
tt0486946,Action
tt0486946,Adventure
tt0486946,Comedy
tt0090329,Drama
tt0090329,Romance
tt0090329,Thriller
tt0111742,Drama
tt0111742,Horror
tt0111742,Romance
tt2543472,Drama
tt2543472,Family
tt0120903,Action
tt0120903,Adventure
tt0120903,Sci-Fi
tt0458525,Action
tt0458525,Sci-Fi
tt1270798,Action
tt1270798,Adventure
tt1270798,Sci-Fi
tt0376994,Action
tt0376994,Adventure
tt0376994,Sci-Fi
tt0295701,Action
tt0295701,Adventure
tt0295701,Thriller
tt0084938,Comedy
tt1190080,Action
tt1190080,Adventure
tt1190080,Sci-Fi
tt0343660,Comedy
tt0343660,Drama
tt0343660,Romance
tt0104694,Comedy
tt0104694,Drama
tt0104694,Sport
tt0093629,Fantasy
tt0093629,Horror
tt6644200,Drama
tt6644200,Horror
tt6644200,Sci-Fi
tt0075265,Drama
tt0075265,Music
tt0075265,Romance
tt0068168,Action
tt0068168,Crime
tt0068168,Drama
tt0078754,Drama
tt0078754,Music
tt0078754,Musical
tt0084434,Drama
tt0084434,Romance
tt0078444,Comedy
tt0078444,Drama
tt0078444,Romance
tt0099044,Action
tt0099044,Comedy
tt0099044,Crime
tt0120587,Adventure
tt0120587,Animation
tt0120587,Comedy
tt0099052,Comedy
tt0099052,Horror
tt0099052,Thriller
tt0120591,Action
tt0120591,Adventure
tt0120591,Sci-Fi
tt2395427,Action
tt2395427,Adventure
tt2395427,Sci-Fi
tt0086927,Comedy
tt0101393,Action
tt0101393,Crime
tt0101393,Drama
tt0112442,Action
tt0112442,Comedy
tt0112442,Crime
tt1502397,Action
tt1502397,Comedy
tt1502397,Crime
tt0096895,Action
tt0096895,Adventure
tt2975590,Action
tt2975590,Adventure
tt2975590,Sci-Fi
tt0094721,Comedy
tt0094721,Fantasy
tt0077229,Documentary
tt0099141,Action
tt0099141,Comedy
tt1825683,Action
tt1825683,Adventure
tt1825683,Sci-Fi
tt0445934,Comedy
tt0445934,Sport
tt0071230,Comedy
tt0071230,Western
tt0085255,Action
tt0085255,Crime
tt0085255,Drama
tt1727824,Biography
tt1727824,Drama
tt1727824,Music
tt1217209,Adventure
tt1217209,Animation
tt1217209,Comedy
tt0115759,Action
tt0115759,Adventure
tt0115759,Thriller
tt0080474,Crime
tt0080474,Drama
tt0315327,Comedy
tt0315327,Fantasy
tt0094812,Comedy
tt0094812,Romance
tt0094812,Sport
tt0077289,Comedy
tt0077289,Drama
tt0077289,Romance
tt0101540,Crime
tt0101540,Thriller
tt4154664,Action
tt4154664,Adventure
tt4154664,Sci-Fi
tt3606752,Adventure
tt3606752,Animation
tt3606752,Comedy
tt0239395,Action
tt0239395,Comedy
tt0239395,Family
tt0367594,Adventure
tt0367594,Comedy
tt0367594,Family
tt0120630,Adventure
tt0120630,Animation
tt0120630,Comedy
tt0101587,Comedy
tt0101587,Western
tt0106582,Action
tt0106582,Adventure
tt0106582,Thriller
tt0844471,Adventure
tt0844471,Animation
tt0844471,Comedy
tt0090859,Action
tt0090859,Crime
tt0090859,Thriller
tt7002100,Horror
tt2380307,Adventure
tt2380307,Animation
tt2380307,Comedy
tt0088933,Comedy
tt0088933,Drama
tt0088933,Sci-Fi
tt0094894,Action
tt0094894,Crime
tt0094894,Drama
tt0082198,Action
tt0082198,Adventure
tt0082198,Fantasy
tt0118884,Drama
tt0118884,Mystery
tt0118884,Sci-Fi
tt0077369,Action
tt0077369,Drama
tt0106611,Adventure
tt0106611,Comedy
tt0106611,Family
tt0090555,Action
tt0090555,Adventure
tt0090555,Comedy
tt0099348,Adventure
tt0099348,Drama
tt0099348,Western
tt0112792,Biography
tt0112792,Drama
tt0287978,Action
tt0287978,Crime
tt0099371,Action
tt0099371,Drama
tt0099371,Sport
tt1431045,Action
tt1431045,Adventure
tt1431045,Comedy
tt5463162,Action
tt5463162,Adventure
tt5463162,Comedy
tt0104070,Comedy
tt0104070,Fantasy
tt0104070,Horror
tt0120647,Action
tt0120647,Drama
tt0120647,Sci-Fi
tt0106701,Comedy
tt0106701,Family
tt0099423,Action
tt0099423,Thriller
tt0130623,Adventure
tt0130623,Animation
tt0130623,Drama
tt0072890,Biography
tt0072890,Crime
tt0072890,Drama
tt0150377,Crime
tt0150377,Drama
tt0150377,Mystery
tt0083866,Family
tt0083866,Sci-Fi
tt0082329,Drama
tt0082329,Romance
tt0120660,Action
tt0120660,Thriller
tt0070034,Action
tt0070034,Crime
tt0070034,Drama
tt0137494,Action
tt0137494,Crime
tt0137494,Romance
tt0082348,Action
tt0082348,Adventure
tt0082348,Drama
tt0361596,Documentary
tt0361596,Drama
tt0361596,War
tt0427229,Comedy
tt0427229,Romance
tt0101862,Comedy
tt0101862,Family
tt0101862,Romance
tt0097351,Drama
tt0097351,Family
tt0097351,Fantasy
tt2322441,Drama
tt2322441,Romance
tt2322441,Thriller
tt2277860,Adventure
tt2277860,Animation
tt2277860,Comedy
tt0083944,Action
tt0083944,Adventure
tt0089155,Comedy
tt0089155,Crime
tt0089155,Mystery
tt0076044,Adventure
tt0076044,Comedy
tt0076044,Drama
tt0082398,Action
tt0082398,Adventure
tt0082398,Thriller
tt4520988,Adventure
tt4520988,Animation
tt4520988,Comedy
tt0119190,Action
tt0119190,Adventure
tt0119190,Comedy
tt0425061,Action
tt0425061,Adventure
tt0425061,Comedy
tt0099653,Drama
tt0099653,Fantasy
tt0099653,Romance
tt1289401,Action
tt1289401,Comedy
tt1289401,Fantasy
tt6823368,Drama
tt6823368,Sci-Fi
tt6823368,Thriller
tt0113189,Action
tt0113189,Adventure
tt0113189,Thriller
tt0107048,Comedy
tt0107048,Fantasy
tt0107048,Romance
tt0212985,Crime
tt0212985,Drama
tt0212985,Thriller
tt0099739,Action
tt0099739,Crime
tt0099739,Drama
tt0097481,Comedy
tt0097481,Crime
tt0097481,Drama
tt0417741,Action
tt0417741,Adventure
tt0417741,Family
tt0076137,Action
tt0076137,Adventure
tt0076137,Comedy
tt0076141,Comedy
tt0076141,Mystery
tt0076141,Thriller
tt0082517,Comedy
tt0082517,History
tt0082517,Musical
tt0104431,Adventure
tt0104431,Comedy
tt0104431,Crime
tt0102057,Adventure
tt0102057,Comedy
tt0102057,Family
tt1411704,Adventure
tt1411704,Animation
tt1411704,Comedy
tt0104452,Comedy
tt0104452,Romance
tt0251127,Comedy
tt0251127,Romance
tt2386490,Action
tt2386490,Adventure
tt2386490,Animation
tt0286716,Action
tt0286716,Sci-Fi
tt1375666,Action
tt1375666,Adventure
tt1375666,Sci-Fi
tt0454848,Crime
tt0454848,Drama
tt0454848,Mystery
tt2096673,Adventure
tt2096673,Animation
tt2096673,Comedy
tt0371746,Action
tt0371746,Adventure
tt0371746,Sci-Fi
tt0070248,Drama
tt0070248,Family
tt0099938,Action
tt0099938,Comedy
tt0099938,Crime
tt3731562,Action
tt3731562,Adventure
tt3731562,Fantasy
tt0441773,Action
tt0441773,Adventure
tt0441773,Animation
tt1302011,Action
tt1302011,Adventure
tt1302011,Animation
tt2267968,Action
tt2267968,Adventure
tt2267968,Animation
tt0068828,Biography
tt0068828,Drama
tt0068828,Music
tt0146316,Action
tt0146316,Adventure
tt0146316,Fantasy
tt0091396,Comedy
tt0091396,Crime
tt0091396,Romance
tt0073312,Comedy
tt0073312,War
tt0089530,Action
tt0089530,Adventure
tt0089530,Sci-Fi
tt0795421,Comedy
tt0795421,Musical
tt0795421,Romance
tt0074860,Crime
tt0074860,Thriller
tt0822832,Comedy
tt0822832,Drama
tt0822832,Family
tt0079540,Comedy
tt0290002,Comedy
tt0290002,Romance
tt1001526,Action
tt1001526,Animation
tt1001526,Comedy
tt0119654,Action
tt0119654,Adventure
tt0119654,Comedy
tt0077928,Biography
tt0077928,Crime
tt0077928,Drama
tt0074899,Action
tt0074899,Drama
tt0074899,History
tt0117060,Action
tt0117060,Adventure
tt0117060,Thriller
tt4912910,Action
tt4912910,Adventure
tt4912910,Thriller
tt1229238,Action
tt1229238,Adventure
tt1229238,Thriller
tt3521164,Adventure
tt3521164,Animation
tt3521164,Comedy
tt0892782,Action
tt0892782,Adventure
tt0892782,Animation
tt0113855,Action
tt0113855,Adventure
tt0113855,Fantasy
tt0293429,Action
tt0293429,Adventure
tt0293429,Fantasy
tt0259446,Comedy
tt0259446,Drama
tt0259446,Romance
tt0102492,Comedy
tt0102492,Drama
tt0102492,Family
tt0477347,Adventure
tt0477347,Comedy
tt0477347,Family
tt1078912,Adventure
tt1078912,Comedy
tt1078912,Family
tt0113986,Comedy
tt0113986,Romance
tt7146812,Adventure
tt7146812,Animation
tt7146812,Comedy
tt0081283,Drama
tt0114069,Action
tt0114069,Drama
tt0114069,Thriller
tt1623205,Adventure
tt1623205,Family
tt1623205,Fantasy
tt0120784,Action
tt0120784,Crime
tt0120784,Drama
tt0117333,Drama
tt0117333,Fantasy
tt0117333,Romance
tt9047432,Animation
tt0114148,Adventure
tt0114148,Animation
tt0114148,Drama
tt0084516,Horror
tt0084516,Thriller
tt0091790,Comedy
tt0091790,Drama
tt0091790,Romance
tt0100405,Comedy
tt0100405,Romance
tt0081375,Comedy
tt0081375,War
tt1446714,Adventure
tt1446714,Mystery
tt1446714,Sci-Fi
tt3116744,Sci-Fi
tt0087957,Drama
tt0087957,Music
tt0087957,Romance
tt0830515,Action
tt0830515,Adventure
tt0830515,Thriller
tt0095953,Drama
tt0089880,Action
tt0089880,Adventure
tt0089880,Thriller
tt1192628,Adventure
tt1192628,Animation
tt1192628,Comedy
tt0382932,Adventure
tt0382932,Animation
tt0382932,Comedy
tt2357291,Adventure
tt2357291,Animation
tt2357291,Comedy
tt0070608,Adventure
tt0070608,Animation
tt0070608,Comedy
tt0093886,Comedy
tt0093886,Romance
tt0163187,Comedy
tt0163187,Romance
tt2126355,Action
tt2126355,Adventure
tt2126355,Thriller
tt0362120,Comedy
tt0329575,Drama
tt0329575,History
tt0329575,Sport
tt0081480,Comedy
tt0081480,Romance
tt0126029,Adventure
tt0126029,Animation
tt0126029,Comedy
tt0892791,Adventure
tt0892791,Animation
tt0892791,Comedy
tt3470600,Animation
tt3470600,Comedy
tt3470600,Family
tt0076723,Comedy
tt0076723,Drama
tt0076723,Sport
tt0070707,Comedy
tt0070707,Sci-Fi
tt0162661,Fantasy
tt0162661,Horror
tt0162661,Mystery
tt3778644,Action
tt3778644,Adventure
tt3778644,Sci-Fi
tt0108185,Drama
tt0108185,Mystery
tt0108185,Romance
tt3794354,Action
tt3794354,Adventure
tt3794354,Comedy
tt0117705,Adventure
tt0117705,Animation
tt0117705,Comedy
tt0316654,Action
tt0316654,Adventure
tt0316654,Sci-Fi
tt0090056,Adventure
tt0090056,Comedy
tt0088161,Comedy
tt0088161,Fantasy
tt0088161,Romance
tt0094025,Action
tt0094025,Comedy
tt0094025,Crime
tt0092007,Action
tt0092007,Adventure
tt0092007,Comedy
tt0086361,Drama
tt0086361,Music
tt0086361,Romance
tt0838283,Comedy
tt0120855,Adventure
tt0120855,Animation
tt0120855,Comedy
tt6723592,Action
tt6723592,Sci-Fi
tt6723592,Thriller
tt0103064,Action
tt0103064,Sci-Fi
tt0101272,Comedy
tt0101272,Fantasy
tt0078767,Horror
tt0085244,Comedy
tt0085244,Drama
tt0080453,Adventure
tt0080453,Drama
tt0080453,Romance
tt0372183,Action
tt0372183,Mystery
tt0372183,Thriller
tt0115798,Comedy
tt0115798,Drama
tt0115798,Thriller
tt1457767,Horror
tt1457767,Mystery
tt1457767,Thriller
tt0068421,Adventure
tt0068421,Drama
tt0068421,Western
tt0319262,Action
tt0319262,Adventure
tt0319262,Sci-Fi
tt0075925,Adventure
tt0075925,Mystery
tt0075925,Thriller
tt0407887,Crime
tt0407887,Drama
tt0407887,Thriller
tt1320253,Action
tt1320253,Adventure
tt1320253,Thriller
tt0082405,Comedy
tt0082405,Drama
tt0071562,Crime
tt0071562,Drama
tt1343092,Drama
tt1343092,Romance
tt0095253,Comedy
tt0071583,Comedy
tt0104389,Drama
tt0104389,Thriller
tt0073113,Adventure
tt0073113,Drama
tt0073113,History
tt0903624,Adventure
tt0903624,Fantasy
tt0116583,Animation
tt0116583,Drama
tt0116583,Family
tt9799878,Animation
tt1951265,Action
tt1951265,Adventure
tt1951265,Sci-Fi
tt0800080,Action
tt0800080,Adventure
tt0800080,Sci-Fi
tt1051906,Drama
tt1051906,Horror
tt1051906,Mystery
tt0087538,Action
tt0087538,Drama
tt0087538,Family
tt1155076,Action
tt1155076,Drama
tt1155076,Family
tt0095489,Adventure
tt0095489,Animation
tt0095489,Drama
tt0070290,Comedy
tt0070290,Drama
tt1490017,Action
tt1490017,Adventure
tt1490017,Animation
tt0071771,Comedy
tt0071771,Crime
tt0071771,Drama
tt0071807,Action
tt0071807,Adventure
tt0071807,Thriller
tt0120616,Action
tt0120616,Adventure
tt0120616,Fantasy
tt0859163,Action
tt0859163,Fantasy
tt0859163,Horror
tt0087781,Drama
tt0087781,Sport
tt4682266,Action
tt4682266,Horror
tt4682266,Mystery
tt0075005,Horror
tt0075005,Mystery
tt0075029,Western
tt0335345,Drama
tt0072081,Comedy
tt0072081,Crime
tt0072081,Mystery
tt0117500,Action
tt0117500,Adventure
tt0117500,Thriller
tt0472181,Adventure
tt0472181,Animation
tt0472181,Comedy
tt0111255,Action
tt0111255,Drama
tt0111255,Thriller
tt1259571,Adventure
tt1259571,Drama
tt1259571,Fantasy
tt0068341,Crime
tt0068341,Drama
tt0368447,Drama
tt0368447,Mystery
tt0368447,Thriller
tt0120888,Comedy
tt0120888,Music
tt0120888,Romance
tt1981115,Action
tt1981115,Adventure
tt1981115,Fantasy
tt0072288,Comedy
tt0072288,Crime
tt0072288,Drama
tt0100802,Action
tt0100802,Sci-Fi
tt0100802,Thriller
tt0435761,Adventure
tt0435761,Animation
tt0435761,Comedy
tt1979376,Adventure
tt1979376,Animation
tt1979376,Comedy
tt1399103,Action
tt1399103,Adventure
tt1399103,Sci-Fi
tt1055369,Action
tt1055369,Adventure
tt1055369,Sci-Fi
tt1679335,Adventure
tt1679335,Animation
tt1679335,Comedy
tt1104001,Action
tt1104001,Adventure
tt1104001,Sci-Fi
tt0111503,Action
tt0111503,Comedy
tt0111503,Thriller
tt1099212,Drama
tt1099212,Fantasy
tt1099212,Romance
tt0117998,Action
tt0117998,Adventure
tt0117998,Thriller
tt0098554,Comedy
tt0358273,Biography
tt0358273,Drama
tt0358273,Music
tt0407304,Action
tt0407304,Adventure
tt0407304,Sci-Fi
tt0114898,Action
tt0114898,Adventure
tt0114898,Sci-Fi
tt0070909,Action
tt0070909,Sci-Fi
tt0070909,Thriller
tt7126948,Action
tt7126948,Adventure
tt7126948,Fantasy
tt3385516,Action
tt3385516,Adventure
tt3385516,Sci-Fi
tt0072431,Comedy
tt0096487,Action
tt0096487,Western
tt0128853,Comedy
tt0128853,Drama
tt0128853,Romance
tt2948356,Adventure
tt2948356,Animation
tt2948356,Comedy
tt1232829,Action
tt1232829,Comedy
tt1232829,Crime
tt0095159,Comedy
tt0095159,Crime
tt0095742,Horror
tt0070819,Comedy
tt0070819,Romance
tt0112281,Adventure
tt0112281,Comedy
tt0112281,Crime
tt0075629,Adventure
tt0075629,Family
tt0075629,Western
tt0071110,Action
tt0071110,Drama
tt0071110,Thriller
tt0078748,Horror
tt0078748,Sci-Fi
tt0086873,Comedy
tt0086873,Fantasy
tt0086873,Romance
tt0952640,Adventure
tt0952640,Animation
tt0952640,Comedy
tt0765429,Biography
tt0765429,Crime
tt0765429,Drama
tt0328828,Comedy
tt0118615,Action
tt0118615,Adventure
tt0118615,Horror
tt0808151,Action
tt0808151,Mystery
tt0808151,Thriller
tt0083564,Comedy
tt0083564,Drama
tt0083564,Family
tt0080377,Action
tt0080377,Comedy
tt6590506,Documentary
tt0112384,Adventure
tt0112384,Drama
tt0112384,History
tt0082031,Comedy
tt0082031,Romance
tt0103776,Action
tt0103776,Crime
tt0103776,Fantasy
tt0101414,Animation
tt0101414,Family
tt0101414,Fantasy
tt0389790,Adventure
tt0389790,Animation
tt0389790,Comedy
tt0071206,Adventure
tt0071206,Family
tt0071206,Romance
tt0094737,Comedy
tt0094737,Drama
tt0094737,Fantasy
tt0082089,Crime
tt0082089,Drama
tt0082089,Romance
tt0397892,Adventure
tt0397892,Animation
tt0397892,Comedy
tt0103859,Comedy
tt0103859,Drama
tt0103859,Romance
tt0112573,Biography
tt0112573,Drama
tt0112573,History
tt0086998,Comedy
tt0086998,Drama
tt0086998,Music
tt0080472,Action
tt0080472,Adventure
tt0080472,Comedy
tt0082121,Comedy
tt0082121,Drama
tt0080487,Comedy
tt0080487,Sport
tt9347730,Horror
tt9347730,Thriller
tt0112642,Comedy
tt0112642,Family
tt0112642,Fantasy
tt0800320,Action
tt0800320,Adventure
tt0800320,Fantasy
tt1985966,Adventure
tt1985966,Animation
tt1985966,Comedy
tt0094889,Comedy
tt0094889,Drama
tt0094889,Romance
tt0369339,Crime
tt0369339,Drama
tt0369339,Thriller
tt0077362,Drama
tt0077362,Romance
tt0077362,War
tt0112715,Action
tt0112715,Adventure
tt0112715,Mystery
tt0068408,Action
tt0068408,Sci-Fi
tt3104988,Comedy
tt3104988,Drama
tt3104988,Romance
tt0112740,Action
tt0112740,Drama
tt0112740,Thriller
tt3228774,Adventure
tt3228774,Comedy
tt3228774,Crime
tt0106673,Comedy
tt0106673,Romance
tt2103281,Action
tt2103281,Adventure
tt2103281,Drama
tt0071402,Action
tt0071402,Crime
tt0071402,Drama
tt1323594,Adventure
tt1323594,Animation
tt1323594,Comedy
tt0246460,Action
tt0246460,Adventure
tt0246460,Thriller
tt0095016,Action
tt0095016,Thriller
tt0109635,Drama
tt0109635,Thriller
tt0118998,Comedy
tt0118998,Family
tt0118998,Fantasy
tt1211837,Action
tt1211837,Adventure
tt1211837,Fantasy
tt0364725,Comedy
tt0364725,Sport
tt6673612,Adventure
tt6673612,Comedy
tt6673612,Family
tt1059786,Action
tt1059786,Mystery
tt1059786,Thriller
tt0071455,Action
tt0071455,Drama
tt0071455,Thriller
tt0195685,Biography
tt0195685,Drama
tt0076009,Horror
tt0074512,Comedy
tt0074512,Crime
tt0074512,Drama
tt0120667,Action
tt0120667,Adventure
tt0120667,Fantasy
tt0104231,Adventure
tt0104231,Drama
tt0104231,Romance
tt1013752,Action
tt1013752,Thriller
tt0266543,Adventure
tt0266543,Animation
tt0266543,Comedy
tt0080745,Action
tt0080745,Adventure
tt0080745,Sci-Fi
tt0087277,Drama
tt0087277,Music
tt0087277,Romance
tt0109830,Drama
tt0109830,Romance
tt0077578,Comedy
tt0077578,Mystery
tt0077578,Thriller
tt6264654,Action
tt6264654,Adventure
tt6264654,Comedy
tt0106965,Adventure
tt0106965,Drama
tt0106965,Family
tt0073026,Biography
tt0073026,Comedy
tt0073026,Drama
tt0074564,Action
tt0074564,Crime
tt0074564,Drama
tt3741700,Action
tt3741700,Adventure
tt3741700,Fantasy
tt0087355,Documentary
tt1454468,Adventure
tt1454468,Drama
tt1454468,Sci-Fi
tt0087363,Comedy
tt0087363,Fantasy
tt0087363,Horror
tt0082495,Horror
tt0366548,Adventure
tt0366548,Animation
tt0366548,Comedy
tt0330373,Adventure
tt0330373,Family
tt0330373,Fantasy
tt0304141,Adventure
tt0304141,Family
tt0304141,Fantasy
tt0068699,Drama
tt0068699,Mystery
tt0068699,Western
tt0386588,Comedy
tt0386588,Romance
tt0077696,Action
tt0077696,Comedy
tt1499658,Comedy
tt1499658,Crime
tt0102059,Action
tt0102059,Comedy
tt0837562,Adventure
tt0837562,Animation
tt0837562,Comedy
tt0077699,Comedy
tt0077699,Drama
tt0077699,Romance
tt0480249,Action
tt0480249,Adventure
tt0480249,Drama
tt0097576,Action
tt0097576,Adventure
tt0816692,Adventure
tt0816692,Drama
tt0816692,Sci-Fi
tt1228705,Action
tt1228705,Adventure
tt1228705,Sci-Fi
tt0116669,Comedy
tt0116669,Drama
tt0116669,Fantasy
tt1116184,Action
tt1116184,Comedy
tt1116184,Documentary
tt0089360,Drama
tt0089360,Mystery
tt0089360,Thriller
tt4196776,Action
tt4196776,Thriller
tt0068762,Adventure
tt0068762,Drama
tt0068762,Western
tt0116695,Comedy
tt0116695,Drama
tt0116695,Romance
tt0116705,Adventure
tt0116705,Comedy
tt0116705,Family
tt0068768,Western
tt6146586,Action
tt6146586,Crime
tt6146586,Thriller
tt7286456,Crime
tt7286456,Drama
tt7286456,Thriller
tt2283362,Action
tt2283362,Adventure
tt2283362,Comedy
tt0107290,Action
tt0107290,Adventure
tt0107290,Sci-Fi
tt0974015,Action
tt0974015,Adventure
tt0974015,Fantasy
tt0360717,Action
tt0360717,Adventure
tt0360717,Drama
tt1327773,Biography
tt1327773,Drama
tt0104714,Action
tt0104714,Crime
tt0104714,Thriller
tt0122151,Action
tt0122151,Crime
tt0122151,Thriller
tt0443272,Biography
tt0443272,Drama
tt0443272,History
tt3315342,Action
tt3315342,Drama
tt3315342,Sci-Fi
tt0070337,Adventure
tt0070337,Drama
tt0070337,Fantasy
tt2872732,Action
tt2872732,Sci-Fi
tt2872732,Thriller
tt0071788,Action
tt0071788,Drama
tt0071788,Romance
tt0351283,Adventure
tt0351283,Animation
tt0351283,Comedy
tt1915581,Comedy
tt1915581,Drama
tt1587310,Action
tt1587310,Adventure
tt1587310,Family
tt0093493,Comedy
tt0093493,Fantasy
tt0093493,Romance
tt0110478,Action
tt0110478,Adventure
tt0110478,Comedy
tt1409024,Action
tt1409024,Adventure
tt1409024,Comedy
tt0100157,Drama
tt0100157,Thriller
tt0280590,Comedy
tt0280590,Romance
tt0107614,Comedy
tt0107614,Drama
tt0107614,Family
tt0368891,Action
tt0368891,Adventure
tt0368891,Mystery
tt0465234,Action
tt0465234,Adventure
tt0465234,Mystery
tt2004420,Comedy
tt2382320,Action
tt2382320,Adventure
tt2382320,Thriller
tt1670345,Crime
tt1670345,Mystery
tt1670345,Thriller
tt0144528,Comedy
tt0144528,Romance
tt0144528,Sci-Fi
tt0086034,Action
tt0086034,Adventure
tt0086034,Thriller
tt0082853,Comedy
tt0082853,Drama
tt0400717,Adventure
tt0400717,Animation
tt0400717,Comedy
tt0093690,Comedy
tt0089767,Drama
tt0089767,Western
tt0070511,Biography
tt0070511,Crime
tt0070511,Drama
tt0098084,Fantasy
tt0098084,Horror
tt0098084,Thriller
tt1790809,Action
tt1790809,Adventure
tt1790809,Fantasy
tt1298650,Action
tt1298650,Adventure
tt1298650,Fantasy
tt0133152,Action
tt0133152,Adventure
tt0133152,Sci-Fi
tt0117381,Crime
tt0117381,Drama
tt0117381,Mystery
tt0100419,Comedy
tt0100419,Family
tt0086154,Crime
tt0086154,Horror
tt0086154,Mystery
tt0073600,Action
tt0073600,Horror
tt0073600,Thriller
tt0087985,Action
tt0087985,Drama
tt1408253,Action
tt1408253,Comedy
tt1408253,Crime
tt0955308,Action
tt0955308,Adventure
tt0955308,Drama
tt0093870,Action
tt0093870,Crime
tt0093870,Sci-Fi
tt0089927,Drama
tt0089927,Sport
tt0073631,Action
tt0073631,Sci-Fi
tt0073631,Sport
tt0088011,Action
tt0088011,Adventure
tt0088011,Comedy
tt0120812,Action
tt0120812,Comedy
tt0120812,Crime
tt0266915,Action
tt0266915,Comedy
tt0266915,Crime
tt0293564,Action
tt0293564,Comedy
tt0293564,Crime
tt0091877,Comedy
tt0091877,Crime
tt0944835,Action
tt0944835,Thriller
tt0076666,Drama
tt0076666,Music
tt0432348,Horror
tt0432348,Mystery
tt0306047,Comedy
tt0267913,Adventure
tt0267913,Comedy
tt0267913,Family
tt0120082,Horror
tt0120082,Mystery
tt0096061,Comedy
tt0096061,Drama
tt0096061,Fantasy
tt0307453,Adventure
tt0307453,Animation
tt0307453,Comedy
tt0988045,Action
tt0988045,Adventure
tt0988045,Mystery
tt0298148,Adventure
tt0298148,Animation
tt0298148,Comedy
tt1130884,Mystery
tt1130884,Thriller
tt0286106,Drama
tt0286106,Mystery
tt0286106,Sci-Fi
tt0102945,Drama
tt0102945,Thriller
tt0108160,Comedy
tt0108160,Drama
tt0108160,Romance
tt0076729,Action
tt0076729,Adventure
tt0076729,Comedy
tt3554046,Adventure
tt3554046,Animation
tt3554046,Comedy
tt0111257,Action
tt0111257,Adventure
tt0111257,Thriller
tt0413300,Action
tt0413300,Adventure
tt0413300,Sci-Fi
tt2660888,Action
tt2660888,Adventure
tt2660888,Sci-Fi
tt1408101,Action
tt1408101,Adventure
tt1408101,Sci-Fi
tt0111282,Action
tt0111282,Adventure
tt0111282,Sci-Fi
tt0081562,Comedy
tt0081562,Crime
tt1398426,Biography
tt1398426,Drama
tt1398426,History
tt1650062,Mystery
tt1650062,Sci-Fi
tt1650062,Thriller
tt0829482,Comedy
tt0348150,Action
tt0348150,Sci-Fi
tt0256415,Comedy
tt0256415,Romance
tt1397280,Action
tt1397280,Crime
tt1397280,Thriller
tt0075314,Crime
tt0075314,Drama
tt0086425,Comedy
tt0086425,Drama
tt0072610,Adventure
tt0072610,Drama
tt0072610,Family
tt0078869,Action
tt0078869,Sci-Fi
tt0078872,Adventure
tt0078872,Family
tt0078872,Sport
tt0185937,Horror
tt0185937,Mystery
tt0452594,Comedy
tt0452594,Drama
tt0452594,Romance
tt0112579,Drama
tt0112579,Romance
tt7504726,Adventure
tt7504726,Drama
tt7504726,Family
tt0077321,Comedy
tt0077321,Crime
tt0077321,Mystery
tt0078966,Drama
tt0078966,Thriller
tt0468569,Action
tt0468569,Crime
tt0468569,Drama
tt0377818,Comedy
tt0079100,Comedy
tt0079100,Drama
tt0079100,Romance
tt0070047,Horror
tt2582846,Drama
tt2582846,Romance
tt0116313,Comedy
tt0068638,Action
tt0068638,Crime
tt0068638,Thriller
tt0076095,Comedy
tt0076095,Drama
tt0076095,Romance
tt0071577,Drama
tt0071577,Romance
tt0391198,Horror
tt0391198,Mystery
tt0391198,Thriller
tt2404463,Action
tt2404463,Comedy
tt2404463,Crime
tt0079367,Comedy
tt0089370,Action
tt0089370,Adventure
tt0089370,Comedy
tt3040964,Adventure
tt3040964,Comedy
tt3040964,Drama
tt4116284,Action
tt4116284,Adventure
tt4116284,Animation
tt0068853,Comedy
tt0068853,Drama
tt0068853,Romance
tt0398165,Comedy
tt0398165,Crime
tt0398165,Sport
tt0167260,Action
tt0167260,Adventure
tt0167260,Drama
tt0119567,Action
tt0119567,Adventure
tt0119567,Sci-Fi
tt0234215,Action
tt0234215,Sci-Fi
tt0395699,Action
tt0395699,Comedy
tt0395699,Drama
tt2452042,Adventure
tt2452042,Animation
tt2452042,Comedy
tt0107798,Crime
tt0107798,Drama
tt0107798,Mystery
tt7798646,Drama
tt7798646,Romance
tt0383216,Adventure
tt0383216,Comedy
tt0383216,Crime
tt0069113,Action
tt0069113,Adventure
tt0069113,Drama
tt0368933,Comedy
tt0368933,Family
tt0368933,Romance
tt0111070,Comedy
tt0111070,Drama
tt0111070,Family
tt0304669,Comedy
tt0304669,Family
tt0304669,Fantasy
tt0452681,Adventure
tt0452681,Comedy
tt0452681,Family
tt0070735,Comedy
tt0070735,Crime
tt0070735,Drama
tt0164184,Action
tt0164184,Drama
tt0164184,Thriller
tt0088247,Action
tt0088247,Sci-Fi
tt0084809,Comedy
tt0084917,Comedy
tt0084917,Drama
tt3501632,Action
tt3501632,Adventure
tt3501632,Comedy
tt0081633,Adventure
tt0081633,Comedy
tt0081633,Fantasy
tt0120338,Drama
tt0120338,Romance
tt0073812,Drama
tt0073812,Musical
tt0092099,Action
tt0092099,Drama
tt0120363,Adventure
tt0120363,Animation
tt0120363,Comedy
tt3371366,Action
tt3371366,Adventure
tt3371366,Sci-Fi
tt0942385,Action
tt0942385,Comedy
tt0942385,War
tt0332452,Drama
tt0332452,History
tt0141926,Action
tt0141926,War
tt0217869,Drama
tt0217869,Mystery
tt0217869,Sci-Fi
tt10059518,Action
tt10059518,Thriller
tt0105699,Crime
tt0105699,Drama
tt0105699,Thriller
tt1270797,Action
tt1270797,Adventure
tt1270797,Sci-Fi
tt3450958,Action
tt3450958,Adventure
tt3450958,Drama
tt0103241,Comedy
tt0161081,Drama
tt0161081,Horror
tt0161081,Mystery
tt0207201,Comedy
tt0207201,Fantasy
tt0207201,Romance
tt0098635,Comedy
tt0098635,Drama
tt0098635,Romance
tt0114924,Comedy
tt0114924,Drama
tt0114924,Romance
tt0120891,Action
tt0120891,Comedy
tt0120891,Sci-Fi
tt0096446,Action
tt0096446,Adventure
tt0096446,Drama
tt0816711,Action
tt0816711,Adventure
tt0816711,Horror
tt1772341,Adventure
tt1772341,Animation
tt1772341,Comedy