imdb_id,source,rating
tt0078721,IMDb,6.1
tt0078723,IMDb,5.8
tt0078723,Metacritic,34.0
tt0322259,IMDb,5.9
tt0322259,Metacritic,58.0
tt0298203,IMDb,7.1
tt0298203,Metacritic,77.0
tt0075784,IMDb,7.4
tt0075784,Metacritic,63.0
tt1517451,IMDb,7.599999999999999
tt1517451,Metacritic,88.0
tt0117913,IMDb,7.5
tt0117913,Metacritic,74.0
tt0090264,IMDb,6.3
tt0090264,Metacritic,40.0
tt0109040,IMDb,6.9
tt0109040,Metacritic,37.0
tt0118571,IMDb,6.5
tt0080339,IMDb,7.7
tt0080339,Metacritic,78.0
tt0103639,IMDb,8.0
tt0103639,Metacritic,86.0
tt6139732,IMDb,6.9
tt6139732,Metacritic,86.0
tt0090605,IMDb,8.3
tt0090605,Metacritic,84.0
tt0343135,IMDb,6.0
tt0343135,Metacritic,44.0
tt1231580,IMDb,4.5
tt1231580,Metacritic,41.0
tt0163651,IMDb,7.0
tt0163651,Metacritic,65.0
tt0252866,IMDb,6.4
tt0305224,IMDb,6.2
tt0305224,Metacritic,52.0
tt0075686,IMDb,8.0
tt0075686,Metacritic,92.0
tt5095030,IMDb,7.0
tt5095030,Metacritic,70.0
tt1024648,IMDb,7.7
tt1024648,Metacritic,86.0
tt0499549,IMDb,7.8
tt0499549,Metacritic,83.0
tt4154756,IMDb,8.4
tt4154756,Metacritic,68.0
tt0096874,IMDb,7.8
tt0096874,Metacritic,55.0
tt0172156,IMDb,6.6
tt2771200,IMDb,7.1
tt2771200,Metacritic,65.0
tt0086960,IMDb,7.3
tt0086960,Metacritic,16.0
tt0142342,IMDb,6.4
tt0142342,Metacritic,30.0
tt2245084,IMDb,7.8
tt2245084,Metacritic,74.0
tt3480822,IMDb,6.8
tt3480822,Metacritic,67.0
tt0101507,IMDb,7.8
tt0101507,Metacritic,76.0
tt0072737,IMDb,6.1
tt0072737,Metacritic,44.0
tt0458339,IMDb,6.9
tt0458339,Metacritic,66.0
tt1216475,IMDb,6.1
tt0381061,IMDb,8.0
tt0381061,Metacritic,80.0
tt1489889,IMDb,6.3
tt1489889,Metacritic,52.0
tt0071315,IMDb,8.199999999999998
tt0071315,Metacritic,92.0
tt0087062,IMDb,5.5
tt0087062,Metacritic,76.0
tt0082186,IMDb,6.9
tt0082186,Metacritic,39.0
tt0109444,IMDb,6.9
tt0109444,Metacritic,74.0
tt0389860,IMDb,6.4
tt0389860,Metacritic,45.0
tt0075860,IMDb,7.599999999999999
tt0075860,Metacritic,90.0
tt0094898,IMDb,7.1
tt0118883,IMDb,6.7
tt0118883,Metacritic,49.0
tt0317303,IMDb,5.6
tt0317303,Metacritic,39.0
tt0077394,IMDb,6.3
tt0097165,IMDb,8.099999999999998
tt0097165,Metacritic,79.0
tt0106697,IMDb,6.7
tt0106697,Metacritic,34.0
tt0099422,IMDb,6.1
tt0099422,Metacritic,68.0
tt0145742,IMDb,5.8
tt0145742,Metacritic,68.0
tt0101745,IMDb,6.2
tt0101745,Metacritic,56.0
tt0090966,IMDb,6.2
tt0090966,Metacritic,82.0
tt0240462,IMDb,4.7
tt3861390,IMDb,6.3
tt3861390,Metacritic,51.0
tt1160419,IMDb,8.3
tt1160419,Metacritic,74.0
tt5013056,IMDb,7.8
tt5013056,Metacritic,94.0
tt0099487,IMDb,7.9
tt0099487,Metacritic,74.0
tt0397313,IMDb,7.3
tt0397313,Metacritic,64.0
tt0319343,IMDb,7.0
tt0319343,Metacritic,64.0
tt0082340,IMDb,7.2
tt0077523,IMDb,6.3
tt0077523,Metacritic,41.0
tt0116253,IMDb,6.4
tt0116253,Metacritic,62.0
tt3183660,IMDb,7.3
tt3183660,Metacritic,66.0
tt4123430,IMDb,6.5
tt4123430,Metacritic,52.0
tt0983946,IMDb,4.9
tt0983946,Metacritic,22.0
tt6806448,IMDb,6.4
tt6806448,Metacritic,60.0
tt0083929,IMDb,7.2
tt0083929,Metacritic,61.0
tt0093010,IMDb,6.9
tt0093010,Metacritic,67.0
tt0083943,IMDb,6.0
tt0083943,Metacritic,44.0
tt0099582,IMDb,6.6
tt0099582,Metacritic,27.0
tt0119137,IMDb,5.3
tt0119137,Metacritic,37.0
tt0322330,IMDb,6.2
tt0322330,Metacritic,70.0
tt0071521,IMDb,6.6
tt0073018,IMDb,6.8
tt0068611,IMDb,7.4
tt0068611,Metacritic,92.0
tt2294629,IMDb,7.4
tt2294629,Metacritic,75.0
tt2820852,IMDb,7.1
tt5052448,IMDb,7.7
tt5052448,Metacritic,85.0
tt0113161,IMDb,6.9
tt0113161,Metacritic,82.0
tt0087332,IMDb,7.8
tt0087332,Metacritic,71.0
tt0172495,IMDb,8.5
tt0172495,Metacritic,67.0
tt0120685,IMDb,5.4
tt0120685,Metacritic,62.0
tt0831387,IMDb,6.4
tt0831387,Metacritic,62.0
tt5034838,IMDb,6.4
tt5034838,Metacritic,59.0
tt2267998,IMDb,8.099999999999998
tt2267998,Metacritic,79.0
tt0187078,IMDb,6.5
tt0187078,Metacritic,35.0
tt0077631,IMDb,7.2
tt0077631,Metacritic,70.0
tt1375670,IMDb,6.0
tt1375670,Metacritic,19.0
tt2191701,IMDb,5.4
tt2015381,IMDb,8.0
tt0427327,IMDb,6.7
tt0427327,Metacritic,81.0
tt10665338,IMDb,5.7
tt10665338,Metacritic,42.0
tt0295297,IMDb,7.4
tt0295297,Metacritic,63.0
tt0373889,IMDb,7.5
tt0373889,Metacritic,71.0
tt0077663,IMDb,6.9
tt0077663,Metacritic,72.0
tt0071607,IMDb,5.7
tt0071607,Metacritic,49.0
tt0119282,IMDb,7.3
tt0119282,Metacritic,74.0
tt0076138,IMDb,6.1
tt0164052,IMDb,5.8
tt0164052,Metacritic,24.0
tt2224026,IMDb,6.6
tt2224026,Metacritic,73.0
tt5884960,IMDb,8.4
tt5884960,Metacritic,73.0
tt5220122,IMDb,6.3
tt5220122,Metacritic,54.0
tt0892769,IMDb,8.099999999999998
tt0892769,Metacritic,75.0
tt0119345,IMDb,5.7
tt0119345,Metacritic,52.0
tt1667889,IMDb,6.5
tt1667889,Metacritic,49.0
tt2024432,IMDb,5.7
tt2024432,Metacritic,35.0
tt0107206,IMDb,7.2
tt0107206,Metacritic,95.0
tt0107211,IMDb,6.0
tt0107211,Metacritic,35.0
tt0116629,IMDb,7.0
tt0116629,Metacritic,32.0
tt0077745,IMDb,7.4
tt0077745,Metacritic,75.0
tt1396484,IMDb,7.3
tt0073195,IMDb,8.0
tt0073195,Metacritic,87.0
tt0077766,IMDb,5.8
tt1156454,IMDb,4.2
tt0373051,IMDb,5.8
tt7975244,IMDb,6.7
tt7975244,Metacritic,58.0
tt0369610,IMDb,7.0
tt4881806,IMDb,6.2
tt0074751,IMDb,5.9
tt0074751,Metacritic,62.0
tt8946378,IMDb,7.9
tt8946378,Metacritic,82.0
tt0093378,IMDb,6.9
tt0093378,Metacritic,65.0
tt0107362,IMDb,6.4
tt0107362,Metacritic,44.0
tt0250494,IMDb,6.4
tt0250494,Metacritic,59.0
tt0275847,IMDb,7.3
tt0275847,Metacritic,73.0
tt0970866,IMDb,5.5
tt0970866,Metacritic,27.0
tt0070328,IMDb,6.8
tt1392190,IMDb,8.099999999999998
tt0479952,IMDb,6.6
tt0479952,Metacritic,61.0
tt0077889,IMDb,6.8
tt0077889,Metacritic,72.0
tt0070355,IMDb,7.2
tt0070355,Metacritic,58.0
tt4777008,IMDb,6.6
tt4777008,Metacritic,43.0
tt0089560,IMDb,7.2
tt0089560,Metacritic,56.0
tt0317919,IMDb,6.9
tt0317919,Metacritic,66.0
tt0369735,IMDb,5.6
tt0369735,Metacritic,31.0
tt1453405,IMDb,7.2
tt0864835,IMDb,6.8
tt0864835,Metacritic,59.0
tt0120762,IMDb,7.599999999999999
tt0120762,Metacritic,66.0
tt0074937,IMDb,7.4
tt0074937,Metacritic,62.0
tt0071877,IMDb,7.3
tt0071877,Metacritic,52.0
tt0074958,IMDb,8.099999999999998
tt0102526,IMDb,6.7
tt10954652,IMDb,5.8
tt10954652,Metacritic,77.0
tt1114740,IMDb,5.2
tt1114740,Metacritic,13.0
tt0091738,IMDb,6.4
tt0091738,Metacritic,74.0
tt0089822,IMDb,5.8
tt0089822,Metacritic,39.0
tt0091777,IMDb,5.4
tt0091777,Metacritic,33.0
tt0091778,IMDb,5.7
tt0091778,Metacritic,49.0
tt0100404,IMDb,6.9
tt0100404,Metacritic,72.0
tt0110912,IMDb,8.9
tt0110912,Metacritic,94.0
tt0448694,IMDb,6.6
tt0448694,Metacritic,65.0
tt5109280,IMDb,7.4
tt5109280,Metacritic,75.0
tt1436562,IMDb,6.9
tt1436562,Metacritic,63.0
tt0107969,IMDb,6.3
tt0086200,IMDb,6.8
tt0257044,IMDb,7.7
tt0257044,Metacritic,72.0
tt0102798,IMDb,6.9
tt0102798,Metacritic,51.0
tt0075148,IMDb,8.099999999999998
tt0075148,Metacritic,70.0
tt0084602,IMDb,6.8
tt0084602,Metacritic,57.0
tt3748528,IMDb,7.8
tt0091875,IMDb,6.6
tt0091875,Metacritic,41.0
tt0206275,IMDb,6.2
tt0206275,Metacritic,53.0
tt0134084,IMDb,5.6
tt0098273,IMDb,6.8
tt0098273,Metacritic,66.0
tt0078227,IMDb,5.9
tt0078227,Metacritic,68.0
tt0070666,IMDb,7.7
tt0070666,Metacritic,87.0
tt1000774,IMDb,5.6
tt0073692,IMDb,6.4
tt0073692,Metacritic,65.0
tt0448115,IMDb,7.0
tt0448115,Metacritic,71.0
tt1515091,IMDb,7.5
tt1515091,Metacritic,48.0
tt0075222,IMDb,6.7
tt0105417,IMDb,6.4
tt0105417,Metacritic,51.0
tt0069303,IMDb,7.599999999999999
tt0069303,Metacritic,80.0
tt0094012,IMDb,7.1
tt0094012,Metacritic,46.0
tt0114508,IMDb,5.8
tt0114508,Metacritic,19.0
tt0145487,IMDb,7.3
tt0145487,Metacritic,73.0
tt6320628,IMDb,7.4
tt0227538,IMDb,5.5
tt0796366,IMDb,7.9
tt0796366,Metacritic,64.0
tt0098382,IMDb,5.5
tt0098382,Metacritic,43.0
tt0102975,IMDb,7.2
tt0117731,IMDb,7.599999999999999
tt0117731,Metacritic,62.0
tt0111280,IMDb,6.6
tt0111280,Metacritic,47.0
tt0079945,IMDb,6.4
tt0079945,Metacritic,38.0
tt0335438,IMDb,6.1
tt0335438,Metacritic,55.0
tt0079948,IMDb,6.4
tt0079948,Metacritic,64.0
tt0098384,IMDb,7.3
tt0098384,Metacritic,56.0
tt0083131,IMDb,6.9
tt0083131,Metacritic,68.0
tt0164912,IMDb,5.9
tt0164912,Metacritic,61.0
tt0086383,IMDb,6.6
tt0086383,Metacritic,52.0
tt1386697,IMDb,5.9
tt1386697,Metacritic,72.0
tt3263904,IMDb,7.4
tt3263904,Metacritic,74.0
tt0078346,IMDb,7.3
tt0078346,Metacritic,44.0
tt0086393,IMDb,5.0
tt0086393,Metacritic,44.0
tt1291150,IMDb,5.8
tt1291150,Metacritic,40.0
tt0103060,IMDb,6.0
tt0103060,Metacritic,45.0
tt0181852,IMDb,6.3
tt0181852,Metacritic,66.0
tt0438488,IMDb,6.5
tt0438488,Metacritic,49.0
tt1872181,IMDb,6.5
tt0072653,IMDb,6.4
tt0072653,Metacritic,37.0
tt0074174,IMDb,7.3
tt0074174,Metacritic,65.0
tt0115685,IMDb,7.1
tt0115685,Metacritic,72.0
tt0878804,IMDb,7.599999999999999
tt0878804,Metacritic,53.0
tt0103855,IMDb,6.3
tt0103855,Metacritic,47.0
tt0258463,IMDb,7.9
tt0258463,Metacritic,68.0
tt0499448,IMDb,6.5
tt0499448,Metacritic,62.0
tt0109446,IMDb,6.8
tt0109446,Metacritic,65.0
tt0481499,IMDb,7.2
tt0481499,Metacritic,55.0
tt0382625,IMDb,6.6
tt0382625,Metacritic,46.0
tt1345836,IMDb,8.4
tt1345836,Metacritic,78.0
tt0069946,IMDb,6.0
tt0072926,IMDb,6.4
tt0072926,Metacritic,61.0
tt0080678,IMDb,8.099999999999998
tt0080678,Metacritic,78.0
tt0077504,IMDb,6.2
tt0077504,Metacritic,42.0
tt0232500,IMDb,6.8
tt0232500,Metacritic,58.0
tt0091064,IMDb,7.599999999999999
tt0091064,Metacritic,65.0
tt0082406,IMDb,7.3
tt0082406,Metacritic,73.0
tt0076070,IMDb,6.4
tt0076070,Metacritic,59.0
tt0091129,IMDb,6.0
tt0091129,Metacritic,37.0
tt1979388,IMDb,6.7
tt1979388,Metacritic,66.0
tt0089218,IMDb,7.8
tt0089218,Metacritic,62.0
tt1411697,IMDb,6.5
tt1411697,Metacritic,30.0
tt2310332,IMDb,7.4
tt2310332,Metacritic,59.0
tt1170358,IMDb,7.8
tt1170358,Metacritic,66.0
tt1951264,IMDb,7.5
tt1951264,Metacritic,76.0
tt1951266,IMDb,6.6
tt0317705,IMDb,8.0
tt0317705,Metacritic,80.0
tt0317740,IMDb,7.0
tt0317740,Metacritic,68.0
tt0110366,IMDb,6.3
tt0110366,Metacritic,45.0
tt0077869,IMDb,6.2
tt0077869,Metacritic,94.0
tt0167261,IMDb,8.699999999999998
tt0167261,Metacritic,87.0
tt0079510,IMDb,5.6
tt0079510,Metacritic,52.0
tt0110475,IMDb,6.9
tt0110475,Metacritic,56.0
tt0120746,IMDb,6.8
tt0120746,Metacritic,63.0
tt0074906,IMDb,6.5
tt0074906,Metacritic,65.0
tt0079588,IMDb,7.599999999999999
tt0095705,IMDb,7.599999999999999
tt0095705,Metacritic,76.0
tt0076507,IMDb,6.1
tt0230600,IMDb,7.599999999999999
tt0230600,Metacritic,74.0
tt0076618,IMDb,6.9
tt0076618,Metacritic,74.0
tt2709768,IMDb,6.5
tt2709768,Metacritic,61.0
tt5113040,IMDb,6.5
tt0093936,IMDb,6.5
tt0102926,IMDb,8.599999999999998
tt0102926,Metacritic,85.0
tt0462538,IMDb,7.3
tt2279373,IMDb,6.0
tt2279373,Metacritic,62.0
tt0076752,IMDb,7.1
tt0076752,Metacritic,55.0
tt0084749,IMDb,5.6
tt0084749,Metacritic,39.0
tt0120484,IMDb,6.1
tt0120484,Metacritic,41.0
tt0070903,IMDb,7.1
tt0070903,Metacritic,61.0
tt1430132,IMDb,6.7
tt1430132,Metacritic,40.0
tt0143145,IMDb,6.4
tt0143145,Metacritic,57.0
tt0800369,IMDb,7.0
tt0800369,Metacritic,75.0
tt0073802,IMDb,7.4
tt0073802,Metacritic,63.0
tt0088272,IMDb,6.3
tt0088272,Metacritic,57.0
tt1361336,IMDb,5.3
tt1361336,Metacritic,32.0
tt0120347,IMDb,6.5
tt0120347,Metacritic,52.0
tt0084805,IMDb,7.4
tt0084805,Metacritic,88.0
tt0098536,IMDb,6.2
tt0098536,Metacritic,36.0
tt0086491,IMDb,6.5
tt0096320,IMDb,6.1
tt0096320,Metacritic,74.0
tt0105690,IMDb,6.5
tt0105690,Metacritic,16.0
tt0078446,IMDb,6.9
tt0078446,Metacritic,50.0
tt0081696,IMDb,6.4
tt0081696,Metacritic,61.0
tt7097896,IMDb,6.3
tt7097896,Metacritic,48.0
tt0396269,IMDb,6.9
tt0396269,Metacritic,64.0
tt0105812,IMDb,6.8
tt0451279,IMDb,7.4
tt0451279,Metacritic,60.0
tt1877832,IMDb,7.9
tt1877832,Metacritic,75.0
tt0115433,IMDb,5.7
tt0115433,Metacritic,49.0
tt2294449,IMDb,7.0
tt2294449,Metacritic,71.0
tt0104257,IMDb,7.7
tt0104257,Metacritic,62.0
tt0075648,IMDb,5.7
tt0075648,Metacritic,36.0
tt2049386,IMDb,7.2
tt2049386,Metacritic,53.0
tt1014759,IMDb,6.4
tt1014759,Metacritic,53.0
tt0069704,IMDb,7.4
tt0069704,Metacritic,97.0
tt0090633,IMDb,6.9
tt0090633,Metacritic,38.0
tt0082010,IMDb,7.5
tt0082010,Metacritic,55.0
tt0122933,IMDb,6.7
tt0478970,IMDb,7.3
tt0478970,Metacritic,70.0
tt0078788,IMDb,8.4
tt1477834,IMDb,6.9
tt1477834,Metacritic,55.0
tt0368578,IMDb,4.7
tt0295178,IMDb,6.2
tt0295178,Metacritic,62.0
tt0145660,IMDb,6.6
tt0145660,Metacritic,59.0
tt4154796,IMDb,8.4
tt4154796,Metacritic,78.0
tt0090685,IMDb,6.7
tt0090685,Metacritic,82.0
tt0088763,IMDb,8.5
tt0088763,Metacritic,10.0
tt0099088,IMDb,7.4
tt0099088,Metacritic,55.0
tt4651520,IMDb,6.2
tt4651520,Metacritic,60.0
tt0072684,IMDb,8.099999999999998
tt0072684,Metacritic,89.0
tt0103772,IMDb,7.0
tt0103772,Metacritic,41.0
tt0118688,IMDb,3.8
tt0118688,Metacritic,28.0
tt0372784,IMDb,8.199999999999998
tt0372784,Metacritic,70.0
tt0112462,IMDb,5.4
tt0112462,Metacritic,51.0
tt0069768,IMDb,5.5
tt0069768,Metacritic,40.0
tt0103786,IMDb,5.7
tt0103786,Metacritic,59.0
tt0092644,IMDb,6.5
tt0092644,Metacritic,16.0
tt0094746,IMDb,6.6
tt0094746,Metacritic,61.0
tt0083658,IMDb,8.099999999999998
tt0092666,IMDb,6.0
tt0092666,Metacritic,51.0
tt1478338,IMDb,6.8
tt1478338,Metacritic,75.0
tt0305669,IMDb,5.6
tt0068327,IMDb,7.8
tt0068327,Metacritic,80.0
tt3498820,IMDb,7.8
tt3498820,Metacritic,75.0
tt1843866,IMDb,7.7
tt1843866,Metacritic,70.0
tt0074285,IMDb,7.4
tt0074285,Metacritic,85.0
tt0317219,IMDb,7.1
tt0162222,IMDb,7.8
tt0162222,Metacritic,73.0
tt0371606,IMDb,5.7
tt0371606,Metacritic,48.0
tt1661199,IMDb,6.9
tt1661199,Metacritic,67.0
tt5089556,IMDb,8.099999999999998
tt5089556,Metacritic,67.0
tt0120632,IMDb,6.7
tt0120632,Metacritic,78.0
tt0088944,IMDb,6.7
tt0088944,Metacritic,51.0
tt0118880,IMDb,6.9
tt0118880,Metacritic,52.0
tt0115956,IMDb,6.6
tt0115956,Metacritic,77.0
tt0068468,IMDb,5.1
tt0068468,Metacritic,64.0
tt0068473,IMDb,7.7
tt0068473,Metacritic,80.0
tt1690953,IMDb,7.3
tt3469046,IMDb,6.3
tt0092890,IMDb,7.0
tt0092890,Metacritic,65.0
tt1840309,IMDb,6.6
tt1840309,Metacritic,48.0
tt0092925,IMDb,6.0
tt0092925,Metacritic,62.0
tt0080661,IMDb,7.1
tt0080661,Metacritic,74.0
tt0461770,IMDb,7.0
tt0461770,Metacritic,75.0
tt0116213,IMDb,6.1
tt0116213,Metacritic,87.0
tt0079116,IMDb,7.599999999999999
tt0079116,Metacritic,76.0
tt5433138,IMDb,5.2
tt5433138,Metacritic,58.0
tt0119094,IMDb,7.2
tt1596343,IMDb,7.3
tt0085549,IMDb,6.2
tt0085549,Metacritic,39.0
tt0408790,IMDb,6.3
tt0408790,Metacritic,53.0
tt0369436,IMDb,5.7
tt0369436,Metacritic,41.0
tt0109831,IMDb,7.1
tt0109831,Metacritic,81.0
tt0080761,IMDb,6.4
tt0080761,Metacritic,22.0
tt0093058,IMDb,8.3
tt0093058,Metacritic,76.0
tt1583421,IMDb,5.8
tt1583421,Metacritic,41.0
tt1046173,IMDb,5.8
tt1046173,Metacritic,32.0
tt0097428,IMDb,6.6
tt1133985,IMDb,5.5
tt1133985,Metacritic,39.0
tt1502407,IMDb,6.6
tt1502407,Metacritic,87.0
tt0448157,IMDb,6.4
tt0448157,Metacritic,49.0
tt0099785,IMDb,7.599999999999999
tt0099785,Metacritic,80.0
tt2510894,IMDb,6.7
tt0170016,IMDb,6.2
tt0170016,Metacritic,46.0
tt1646971,IMDb,7.8
tt0268380,IMDb,7.5
tt0268380,Metacritic,34.0
tt1080016,IMDb,6.9
tt1080016,Metacritic,50.0
tt0438097,IMDb,6.8
tt0438097,Metacritic,60.0
tt0119360,IMDb,6.4
tt0119360,Metacritic,85.0
tt3606756,IMDb,7.599999999999999
tt0367882,IMDb,6.1
tt0367882,Metacritic,65.0
tt0087469,IMDb,7.5
tt0087469,Metacritic,57.0
tt0141369,IMDb,4.2
tt0141369,Metacritic,36.0
tt1300854,IMDb,7.1
tt0085750,IMDb,3.7
tt0070239,IMDb,7.4
tt0070239,Metacritic,64.0
tt0870154,IMDb,6.6
tt0870154,Metacritic,50.0
tt0163025,IMDb,5.9
tt0163025,Metacritic,42.0
tt0478311,IMDb,6.9
tt0070849,IMDb,7.0
tt0070849,Metacritic,77.0
tt0093409,IMDb,7.599999999999999
tt0093409,Metacritic,68.0
tt0097733,IMDb,7.2
tt0119528,IMDb,6.9
tt0119528,Metacritic,76.0
tt7545266,IMDb,4.6
tt7545266,Metacritic,33.0
tt0081060,IMDb,6.5
tt0081060,Metacritic,45.0
tt0337978,IMDb,7.1
tt0337978,Metacritic,69.0
tt0079489,IMDb,6.2
tt0073317,IMDb,5.2
tt0097815,IMDb,7.2
tt0770828,IMDb,7.0
tt0770828,Metacritic,55.0
tt0079522,IMDb,7.9
tt5028340,IMDb,6.7
tt5028340,Metacritic,66.0
tt0212338,IMDb,7.0
tt0212338,Metacritic,73.0
tt2293640,IMDb,6.4
tt2293640,Metacritic,56.0
tt0181689,IMDb,7.599999999999999
tt0181689,Metacritic,80.0
tt2381249,IMDb,7.4
tt2381249,Metacritic,75.0
tt0079574,IMDb,6.3
tt0079574,Metacritic,66.0
tt0085970,IMDb,6.6
tt0085970,Metacritic,50.0
tt0110622,IMDb,6.5
tt0086006,IMDb,6.2
tt0086006,Metacritic,60.0
tt0125439,IMDb,7.1
tt0125439,Metacritic,68.0
tt0095776,IMDb,6.7
tt0327084,IMDb,6.7
tt0327084,Metacritic,67.0
tt0070510,IMDb,8.099999999999998
tt0070510,Metacritic,77.0
tt0098067,IMDb,7.0
tt0098067,Metacritic,82.0
tt0105112,IMDb,6.9
tt0213149,IMDb,6.2
tt0213149,Metacritic,44.0
tt0069080,IMDb,6.3
tt0325980,IMDb,8.0
tt0325980,Metacritic,63.0
tt2848292,IMDb,6.4
tt0087928,IMDb,6.7
tt0087928,Metacritic,16.0
tt0081353,IMDb,5.3
tt0081353,Metacritic,64.0
tt0093773,IMDb,7.8
tt0093773,Metacritic,45.0
tt5848272,IMDb,7.0
tt5848272,Metacritic,71.0
tt0095956,IMDb,5.8
tt0095956,Metacritic,36.0
tt0117438,IMDb,6.7
tt0117438,Metacritic,60.0
tt1677720,IMDb,7.4
tt0210945,IMDb,7.8
tt0210945,Metacritic,48.0
tt0088000,IMDb,6.6
tt0088000,Metacritic,44.0
tt0078163,IMDb,6.7
tt0078163,Metacritic,65.0
tt1318514,IMDb,7.5
tt1318514,Metacritic,68.0
tt0100502,IMDb,5.8
tt0358082,IMDb,6.3
tt0358082,Metacritic,64.0
tt0107985,IMDb,6.1
tt0107985,Metacritic,53.0
tt0257076,IMDb,6.0
tt0257076,Metacritic,45.0
tt1599348,IMDb,6.7
tt0120815,IMDb,8.599999999999998
tt0120815,Metacritic,91.0
tt0175142,IMDb,6.2
tt0114369,IMDb,8.599999999999998
tt9376612,IMDb,7.9
tt9376612,Metacritic,71.0
tt0091949,IMDb,6.7
tt0091949,Metacritic,50.0
tt0413267,IMDb,6.1
tt0413267,Metacritic,58.0
tt0075223,IMDb,6.9
tt0075223,Metacritic,41.0
tt0090022,IMDb,7.2
tt0090022,Metacritic,64.0
tt1074638,IMDb,7.8
tt1074638,Metacritic,81.0
tt0081529,IMDb,5.3
tt1735898,IMDb,6.1
tt1735898,Metacritic,57.0
tt0186566,IMDb,6.5
tt0186566,Metacritic,50.0
tt2379713,IMDb,6.8
tt2379713,Metacritic,60.0
tt2250912,IMDb,7.4
tt2250912,Metacritic,73.0
tt0338459,IMDb,4.3
tt0338459,Metacritic,57.0
tt0092005,IMDb,8.099999999999998
tt0092005,Metacritic,75.0
tt0084726,IMDb,7.7
tt0084726,Metacritic,67.0
tt0088170,IMDb,6.7
tt0088170,Metacritic,56.0
tt0415306,IMDb,6.6
tt0415306,Metacritic,66.0
tt1706697,IMDb,6.1
tt1706697,Metacritic,71.0
tt0398286,IMDb,7.7
tt0398286,Metacritic,71.0
tt1637725,IMDb,6.9
tt1637725,Metacritic,70.0
tt0096754,IMDb,7.5
tt0096754,Metacritic,62.0
tt11125620,IMDb,5.3
tt0072608,IMDb,6.1
tt0948470,IMDb,6.9
tt0948470,Metacritic,53.0
tt0848228,IMDb,8.0
tt0848228,Metacritic,68.0
tt0083642,IMDb,6.0
tt0083642,Metacritic,40.0
tt0080455,IMDb,7.9
tt3874544,IMDb,6.3
tt6932874,IMDb,5.9
tt1194173,IMDb,6.6
tt1194173,Metacritic,61.0
tt0440963,IMDb,8.0
tt0440963,Metacritic,85.0
tt0088847,IMDb,7.8
tt0088847,Metacritic,66.0
tt0082136,IMDb,6.3
tt0090863,IMDb,7.0
tt0090863,Metacritic,77.0
tt7069210,IMDb,6.3
tt7069210,Metacritic,53.0
tt2850386,IMDb,7.0
tt2850386,Metacritic,56.0
tt0069947,IMDb,7.8
tt0069947,Metacritic,80.0
tt0458352,IMDb,6.9
tt0458352,Metacritic,62.0
tt2908446,IMDb,6.2
tt2908446,Metacritic,42.0
tt0074483,IMDb,6.7
tt0074483,Metacritic,48.0
tt4630562,IMDb,6.6
tt4630562,Metacritic,56.0
tt0119116,IMDb,7.7
tt0119116,Metacritic,52.0
tt0106918,IMDb,6.8
tt0106918,Metacritic,58.0
tt0109813,IMDb,4.9
tt0109813,Metacritic,38.0
tt10327252,IMDb,5.4
tt10327252,Metacritic,53.0
tt0106977,IMDb,7.8
tt0106977,Metacritic,87.0
tt0068646,IMDb,9.2
tt0082474,IMDb,7.2
tt0082474,Metacritic,70.0
tt0073075,IMDb,6.7
tt1119646,IMDb,7.7
tt1119646,Metacritic,73.0
tt0171363,IMDb,5.0
tt0171363,Metacritic,33.0
tt1454029,IMDb,8.0
tt1454029,Metacritic,62.0
tt0119314,IMDb,6.6
tt0119314,Metacritic,65.0
tt1392170,IMDb,7.2
tt0099810,IMDb,7.599999999999999
tt0099810,Metacritic,58.0
tt0079336,IMDb,7.3
tt0938283,IMDb,4.0
tt0938283,Metacritic,20.0
tt0102266,IMDb,7.0
tt0102266,Metacritic,52.0
tt0068833,IMDb,6.0
tt0068833,Metacritic,42.0
tt0104691,IMDb,7.7
tt0104691,Metacritic,76.0
tt0918940,IMDb,6.2
tt0918940,Metacritic,44.0
tt0074797,IMDb,6.8
tt0110357,IMDb,8.5
tt6105098,IMDb,6.8
tt0097757,IMDb,7.599999999999999
tt0097757,Metacritic,88.0
tt0093428,IMDb,6.7
tt0093428,Metacritic,59.0
tt0120737,IMDb,8.8
tt0120737,Metacritic,92.0
tt3659388,IMDb,8.0
tt3659388,Metacritic,80.0
tt0133093,IMDb,8.699999999999998
tt0133093,Metacritic,73.0
tt0242653,IMDb,6.8
tt0242653,Metacritic,47.0
tt4779682,IMDb,5.6
tt4779682,Metacritic,46.0
tt0209163,IMDb,6.4
tt0209163,Metacritic,48.0
tt0117218,IMDb,5.6
tt0117218,Metacritic,62.0
tt1386588,IMDb,6.7
tt1386588,Metacritic,70.0
tt0073496,IMDb,6.4
tt0187393,IMDb,7.2
tt0187393,Metacritic,69.0
tt0177971,IMDb,6.4
tt0177971,Metacritic,59.0
tt0075066,IMDb,7.2
tt0075066,Metacritic,60.0
tt0338348,IMDb,6.6
tt0338348,Metacritic,61.0
tt0075086,IMDb,4.9
tt0247638,IMDb,6.4
tt0247638,Metacritic,52.0
tt1041829,IMDb,6.7
tt1041829,Metacritic,48.0
tt0454921,IMDb,8.0
tt0454921,Metacritic,64.0
tt0298130,IMDb,7.1
tt0298130,Metacritic,71.0
tt0134067,IMDb,5.9
tt0081505,IMDb,8.4
tt0081505,Metacritic,66.0
tt0167404,IMDb,8.099999999999998
tt0167404,Metacritic,64.0
tt6334354,IMDb,7.3
tt6334354,Metacritic,72.0
tt0108333,IMDb,6.4
tt0108333,Metacritic,35.0
tt0072317,IMDb,4.6
tt0120382,IMDb,8.099999999999998
tt0076843,IMDb,6.9
tt0076843,Metacritic,68.0
tt1325004,IMDb,5.0
tt1325004,Metacritic,58.0
tt0094226,IMDb,7.9
tt0094226,Metacritic,79.0
tt1606389,IMDb,6.8
tt1606389,Metacritic,43.0
tt0094332,IMDb,6.6
tt0094332,Metacritic,67.0
tt0114709,IMDb,8.3
tt0086465,IMDb,7.5
tt0086465,Metacritic,69.0
tt0418279,IMDb,7.0
tt0418279,Metacritic,27.0
tt2109248,IMDb,5.6
tt2109248,Metacritic,32.0
tt0105695,IMDb,8.199999999999998
tt0105695,Metacritic,85.0
tt1049413,IMDb,8.199999999999998
tt1049413,Metacritic,83.0
tt6857112,IMDb,6.8
tt6857112,Metacritic,77.0
tt0338526,IMDb,6.1
tt0338526,Metacritic,35.0
tt0073878,IMDb,5.9
tt0493464,IMDb,6.7
tt0493464,Metacritic,64.0
tt0086567,IMDb,7.1
tt0086567,Metacritic,77.0
tt0486946,IMDb,5.8
tt0486946,Metacritic,27.0
tt0090329,IMDb,7.4
tt0090329,Metacritic,75.0
tt0111742,IMDb,6.2
tt0111742,Metacritic,75.0
tt2543472,IMDb,8.0
tt2543472,Metacritic,60.0
tt0120903,IMDb,7.4
tt0120903,Metacritic,51.0
tt0458525,IMDb,6.6
tt0458525,Metacritic,40.0
tt1270798,IMDb,7.7
tt1270798,Metacritic,65.0
tt0376994,IMDb,6.7
tt0376994,Metacritic,58.0
tt0295701,IMDb,5.9
tt0295701,Metacritic,42.0
tt0084938,IMDb,5.5
tt1190080,IMDb,5.8
tt1190080,Metacritic,49.0
tt0343660,IMDb,6.8
tt0343660,Metacritic,48.0
tt0104694,IMDb,7.3
tt0093629,IMDb,6.6
tt0093629,Metacritic,49.0
tt6644200,IMDb,7.5
tt6644200,Metacritic,82.0
tt0075265,IMDb,6.1
tt0075265,Metacritic,88.0
tt0068168,IMDb,7.0
tt0078754,IMDb,7.9
tt0078754,Metacritic,72.0
tt0084434,IMDb,7.0
tt0084434,Metacritic,75.0
tt0078444,IMDb,7.2
tt0078444,Metacritic,79.0
tt0099044,IMDb,5.9
tt0099044,Metacritic,23.0
tt0120587,IMDb,6.5
tt0120587,Metacritic,72.0
tt0099052,IMDb,6.4
tt0099052,Metacritic,67.0
tt0120591,IMDb,6.7
tt0120591,Metacritic,42.0
tt2395427,IMDb,7.3
tt2395427,Metacritic,66.0
tt0086927,IMDb,6.3
tt0086927,Metacritic,56.0
tt0101393,IMDb,6.7
tt0101393,Metacritic,38.0
tt0112442,IMDb,6.9
tt0112442,Metacritic,59.0
tt1502397,IMDb,6.6
tt0096895,IMDb,7.5
tt0096895,Metacritic,44.0
tt2975590,IMDb,6.4
tt2975590,Metacritic,44.0
tt0094721,IMDb,7.5
tt0094721,Metacritic,70.0
tt0077229,IMDb,4.7
tt0077229,Metacritic,48.0
tt0099141,IMDb,6.0
tt0099141,Metacritic,36.0
tt1825683,IMDb,7.3
tt1825683,Metacritic,88.0
tt0445934,IMDb,6.3
tt0445934,Metacritic,64.0
tt0071230,IMDb,7.7
tt0071230,Metacritic,73.0
tt0085255,IMDb,6.4
tt0085255,Metacritic,66.0
tt1727824,IMDb,7.9
tt1727824,Metacritic,49.0
tt1217209,IMDb,7.1
tt1217209,Metacritic,61.0
tt0115759,IMDb,6.1
tt0115759,Metacritic,61.0
tt0080474,IMDb,7.2
tt0080474,Metacritic,54.0
tt0315327,IMDb,6.8
tt0315327,Metacritic,46.0
tt0094812,IMDb,7.1
tt0094812,Metacritic,73.0
tt0077289,IMDb,6.2
tt0101540,IMDb,7.3
tt4154664,IMDb,6.8
tt3606752,IMDb,6.7
tt3606752,Metacritic,52.0
tt0239395,IMDb,5.1
tt0239395,Metacritic,47.0
tt0367594,IMDb,6.6
tt0367594,Metacritic,72.0
tt0120630,IMDb,7.0
tt0101587,IMDb,6.8
tt0101587,Metacritic,70.0
tt0106582,IMDb,6.4
tt0106582,Metacritic,60.0
tt0844471,IMDb,6.9
tt0844471,Metacritic,66.0
tt0090859,IMDb,5.8
tt0090859,Metacritic,48.0
tt7002100,IMDb,7.4
tt7002100,Metacritic,81.0
tt2380307,IMDb,8.4
tt2380307,Metacritic,81.0
tt0088933,IMDb,6.7
tt0088933,Metacritic,65.0
tt0094894,IMDb,6.7
tt0082198,IMDb,6.9
tt0082198,Metacritic,43.0
tt0118884,IMDb,7.5
tt0118884,Metacritic,62.0
tt0077369,IMDb,6.3
tt0077369,Metacritic,47.0
tt0106611,IMDb,7.0
tt0106611,Metacritic,60.0
tt0090555,IMDb,6.6
tt0090555,Metacritic,62.0
tt0099348,IMDb,8.0
tt0099348,Metacritic,72.0
tt0112792,IMDb,6.5
tt0112792,Metacritic,47.0
tt0287978,IMDb,5.3
tt0287978,Metacritic,42.0
tt0099371,IMDb,6.1
tt0099371,Metacritic,60.0
tt1431045,IMDb,8.0
tt1431045,Metacritic,53.0
tt5463162,IMDb,7.7
tt0104070,IMDb,6.6
tt0104070,Metacritic,56.0
tt0120647,IMDb,6.2
tt0120647,Metacritic,40.0
tt0106701,IMDb,5.6
tt0106701,Metacritic,49.0
tt0099423,IMDb,7.1
tt0130623,IMDb,6.5
tt0130623,Metacritic,66.0
tt0072890,IMDb,8.0
tt0072890,Metacritic,86.0
tt0150377,IMDb,6.5
tt0150377,Metacritic,40.0
tt0083866,IMDb,7.8
tt0083866,Metacritic,91.0
tt0082329,IMDb,4.9
tt0082329,Metacritic,30.0
tt0120660,IMDb,7.3
tt0120660,Metacritic,37.0
tt0070034,IMDb,7.7
tt0070034,Metacritic,83.0
tt0137494,IMDb,6.3
tt0137494,Metacritic,54.0
tt0082348,IMDb,7.4
tt0082348,Metacritic,56.0
tt0361596,IMDb,7.5
tt0427229,IMDb,5.6
tt0427229,Metacritic,47.0
tt0101862,IMDb,6.5
tt0101862,Metacritic,51.0
tt0097351,IMDb,7.5
tt0097351,Metacritic,57.0
tt2322441,IMDb,4.1
tt2322441,Metacritic,46.0
tt2277860,IMDb,7.3
tt2277860,Metacritic,77.0
tt0083944,IMDb,7.7
tt0083944,Metacritic,93.0
tt0089155,IMDb,6.9
tt0089155,Metacritic,68.0
tt0076044,IMDb,6.0
tt0076044,Metacritic,46.0
tt0082398,IMDb,6.7
tt4520988,IMDb,6.8
tt0119190,IMDb,5.5
tt0119190,Metacritic,53.0
tt0425061,IMDb,6.5
tt0425061,Metacritic,54.0
tt0099653,IMDb,7.1
tt0099653,Metacritic,71.0
tt1289401,IMDb,6.5
tt1289401,Metacritic,71.0
tt6823368,IMDb,6.6
tt6823368,Metacritic,56.0
tt0113189,IMDb,7.2
tt0113189,Metacritic,65.0
tt0107048,IMDb,8.0
tt0107048,Metacritic,72.0
tt0212985,IMDb,6.8
tt0212985,Metacritic,57.0
tt0099739,IMDb,5.8
tt0099739,Metacritic,57.0
tt0097481,IMDb,6.1
tt0097481,Metacritic,16.0
tt0417741,IMDb,7.599999999999999
tt0417741,Metacritic,78.0
tt0076137,IMDb,5.7
tt0076137,Metacritic,38.0
tt0076141,IMDb,6.7
tt0076141,Metacritic,55.0
tt0082517,IMDb,6.9
tt0082517,Metacritic,74.0
tt0104431,IMDb,6.8
tt0102057,IMDb,6.8
tt1411704,IMDb,5.4
tt1411704,Metacritic,84.0
tt0104452,IMDb,6.1
tt0104452,Metacritic,52.0
tt0251127,IMDb,6.4
tt0251127,Metacritic,45.0
tt2386490,IMDb,7.5
tt0286716,IMDb,5.6
tt0286716,Metacritic,61.0
tt1375666,IMDb,8.8
tt1375666,Metacritic,74.0
tt0454848,IMDb,7.599999999999999
tt0454848,Metacritic,76.0
tt2096673,IMDb,8.099999999999998
tt2096673,Metacritic,94.0
tt0371746,IMDb,7.9
tt0371746,Metacritic,79.0
tt0070248,IMDb,5.9
tt0099938,IMDb,6.2
tt0099938,Metacritic,61.0
tt3731562,IMDb,6.6
tt3731562,Metacritic,62.0
tt0441773,IMDb,7.599999999999999
tt0441773,Metacritic,74.0
tt1302011,IMDb,7.2
tt2267968,IMDb,7.1
tt0068828,IMDb,7.1
tt0146316,IMDb,5.8
tt0146316,Metacritic,33.0
tt0091396,IMDb,6.0
tt0091396,Metacritic,57.0
tt0073312,IMDb,7.7
tt0073312,Metacritic,89.0
tt0089530,IMDb,6.3
tt0089530,Metacritic,71.0
tt0795421,IMDb,6.4
tt0795421,Metacritic,60.0
tt0074860,IMDb,7.4
tt0074860,Metacritic,64.0
tt0822832,IMDb,7.1
tt0822832,Metacritic,53.0
tt0079540,IMDb,6.2
tt0079540,Metacritic,66.0
tt0290002,IMDb,6.3
tt0290002,Metacritic,41.0
tt1001526,IMDb,7.3
tt1001526,Metacritic,63.0
tt0119654,IMDb,7.3
tt0077928,IMDb,7.599999999999999
tt0077928,Metacritic,59.0
tt0074899,IMDb,6.8
tt0074899,Metacritic,79.0
tt0117060,IMDb,7.1
tt0117060,Metacritic,86.0
tt4912910,IMDb,7.7
tt4912910,Metacritic,86.0
tt1229238,IMDb,7.4
tt1229238,Metacritic,73.0
tt3521164,IMDb,7.599999999999999
tt3521164,Metacritic,81.0
tt0892782,IMDb,6.4
tt0892782,Metacritic,56.0
tt0113855,IMDb,5.8
tt0113855,Metacritic,60.0
tt0293429,IMDb,6.1
tt0293429,Metacritic,60.0
tt0259446,IMDb,6.6
tt0102492,IMDb,6.9
tt0102492,Metacritic,50.0
tt0477347,IMDb,6.4
tt0477347,Metacritic,48.0
tt1078912,IMDb,6.0
tt0113986,IMDb,5.5
tt0113986,Metacritic,97.0
tt7146812,IMDb,7.4
tt7146812,Metacritic,61.0
tt0081283,IMDb,7.7
tt0114069,IMDb,6.6
tt0114069,Metacritic,64.0
tt1623205,IMDb,6.3
tt1623205,Metacritic,44.0
tt0120784,IMDb,7.1
tt0120784,Metacritic,46.0
tt0117333,IMDb,6.4
tt0117333,Metacritic,41.0
tt9047432,IMDb,2.2
tt9047432,Metacritic,58.0
tt0114148,IMDb,6.7
tt0114148,Metacritic,58.0
tt0084516,IMDb,7.3
tt0084516,Metacritic,47.0
tt0091790,IMDb,6.8
tt0091790,Metacritic,56.0
tt0100405,IMDb,7.1
tt0100405,Metacritic,51.0
tt0081375,IMDb,6.2
tt0081375,Metacritic,59.0
tt1446714,IMDb,7.0
tt1446714,Metacritic,64.0
tt3116744,IMDb,7.2
tt3116744,Metacritic,64.0
tt0087957,IMDb,6.5
tt0087957,Metacritic,55.0
tt0830515,IMDb,6.6
tt0830515,Metacritic,58.0
tt0095953,IMDb,8.0
tt0095953,Metacritic,65.0
tt0089880,IMDb,6.5
tt1192628,IMDb,7.2
tt1192628,Metacritic,75.0
tt0382932,IMDb,8.0
tt0382932,Metacritic,96.0
tt2357291,IMDb,6.3
tt0070608,IMDb,7.599999999999999
tt0070608,Metacritic,32.0
tt0093886,IMDb,6.6
tt0093886,Metacritic,74.0
tt0163187,IMDb,5.6
tt0163187,Metacritic,77.0
tt2126355,IMDb,6.1
tt2126355,Metacritic,43.0
tt0362120,IMDb,5.1
tt0329575,IMDb,7.3
tt0329575,Metacritic,72.0
tt0081480,IMDb,6.7
tt0126029,IMDb,7.9
tt0126029,Metacritic,84.0
tt0892791,IMDb,6.3
tt0892791,Metacritic,58.0
tt3470600,IMDb,7.1
tt3470600,Metacritic,59.0
tt0076723,IMDb,7.3
tt0076723,Metacritic,61.0
tt0070707,IMDb,7.2
tt0070707,Metacritic,49.0
tt0162661,IMDb,7.3
tt0162661,Metacritic,65.0
tt3778644,IMDb,6.9
tt0108185,IMDb,6.2
tt3794354,IMDb,6.5
tt3794354,Metacritic,47.0
tt0117705,IMDb,6.5
tt0117705,Metacritic,59.0
tt0316654,IMDb,7.3
tt0090056,IMDb,6.4
tt0088161,IMDb,6.3
tt0088161,Metacritic,74.0
tt0094025,IMDb,6.6
tt0094025,Metacritic,69.0
tt0092007,IMDb,7.3
tt0086361,IMDb,4.7
tt0086361,Metacritic,23.0
tt0838283,IMDb,6.9
tt0120855,IMDb,7.3
tt0120855,Metacritic,44.0
tt6723592,IMDb,7.4
tt6723592,Metacritic,69.0
tt0103064,IMDb,8.5
tt0103064,Metacritic,75.0
tt0101272,IMDb,6.9
tt0078767,IMDb,6.2
tt0078767,Metacritic,33.0
tt0085244,IMDb,7.2
tt0085244,Metacritic,52.0
tt0080453,IMDb,5.8
tt0080453,Metacritic,31.0
tt0372183,IMDb,7.7
tt0372183,Metacritic,73.0
tt0115798,IMDb,6.1
tt0115798,Metacritic,70.0
tt1457767,IMDb,7.5
tt1457767,Metacritic,68.0
tt0068421,IMDb,7.4
tt0068421,Metacritic,50.0
tt0319262,IMDb,6.4
tt0319262,Metacritic,47.0
tt0075925,IMDb,6.2
tt0075925,Metacritic,68.0
tt0407887,IMDb,8.5
tt0407887,Metacritic,85.0
tt1320253,IMDb,6.5
tt1320253,Metacritic,35.0
tt0082405,IMDb,6.8
tt0082405,Metacritic,69.0
tt0071562,IMDb,9.0
tt0071562,Metacritic,60.0
tt1343092,IMDb,7.2
tt1343092,Metacritic,55.0
tt0095253,IMDb,6.6
tt0095253,Metacritic,24.0
tt0071583,IMDb,5.8
tt0104389,IMDb,6.6
tt0104389,Metacritic,64.0
tt0073113,IMDb,6.3
tt0903624,IMDb,7.8
tt0903624,Metacritic,58.0
tt0116583,IMDb,7.0
tt0116583,Metacritic,74.0
tt9799878,IMDb,1.9
tt9799878,Metacritic,74.0
tt1951265,IMDb,6.6
tt0800080,IMDb,6.6
tt0800080,Metacritic,61.0
tt1051906,IMDb,7.1
tt1051906,Metacritic,72.0
tt0087538,IMDb,7.3
tt1155076,IMDb,6.2
tt0095489,IMDb,7.4
tt0070290,IMDb,7.5
tt0070290,Metacritic,89.0
tt1490017,IMDb,7.7
tt0071771,IMDb,7.1
tt0071771,Metacritic,48.0
tt0071807,IMDb,6.7
tt0071807,Metacritic,43.0
tt0120616,IMDb,7.0
tt0120616,Metacritic,34.0
tt0859163,IMDb,5.2
tt0859163,Metacritic,31.0
tt0087781,IMDb,7.5
tt0087781,Metacritic,74.0
tt4682266,IMDb,5.3
tt4682266,Metacritic,43.0
tt0075005,IMDb,7.5
tt0075005,Metacritic,62.0
tt0075029,IMDb,7.8
tt0335345,IMDb,7.2
tt0335345,Metacritic,47.0
tt0072081,IMDb,7.1
tt0072081,Metacritic,61.0
tt0117500,IMDb,7.4
tt0117500,Metacritic,73.0
tt0472181,IMDb,5.4
tt0472181,Metacritic,40.0
tt0111255,IMDb,5.6
tt0111255,Metacritic,75.0
tt1259571,IMDb,4.8
tt1259571,Metacritic,44.0
tt0068341,IMDb,6.5
tt0368447,IMDb,6.5
tt0368447,Metacritic,44.0
tt0120888,IMDb,6.9
tt0120888,Metacritic,59.0
tt1981115,IMDb,6.8
tt0072288,IMDb,7.0
tt0072288,Metacritic,62.0
tt0100802,IMDb,7.5
tt0100802,Metacritic,43.0
tt0435761,IMDb,8.199999999999998
tt1979376,IMDb,7.7
tt1399103,IMDb,6.2
tt1399103,Metacritic,42.0
tt1055369,IMDb,6.0
tt1055369,Metacritic,35.0
tt1679335,IMDb,6.5
tt1679335,Metacritic,55.0
tt1104001,IMDb,6.8
tt1104001,Metacritic,49.0
tt0111503,IMDb,7.2
tt0111503,Metacritic,57.0
tt1099212,IMDb,5.2
tt1099212,Metacritic,56.0
tt0117998,IMDb,6.4
tt0117998,Metacritic,68.0
tt0098554,IMDb,7.0
tt0098554,Metacritic,51.0
tt0358273,IMDb,7.8
tt0407304,IMDb,6.5
tt0407304,Metacritic,73.0
tt0114898,IMDb,6.2
tt0114898,Metacritic,56.0
tt0070909,IMDb,7.0
tt0070909,Metacritic,77.0
tt7126948,IMDb,5.4
tt7126948,Metacritic,60.0
tt3385516,IMDb,6.9
tt3385516,Metacritic,52.0
tt0072431,IMDb,8.0
tt0072431,Metacritic,36.0
tt0096487,IMDb,6.9
tt0096487,Metacritic,55.0
tt0128853,IMDb,6.7
tt0128853,Metacritic,57.0
tt2948356,IMDb,8.0
tt2948356,Metacritic,78.0
tt1232829,IMDb,7.2
tt1232829,Metacritic,69.0
tt0095159,IMDb,7.5
tt0095159,Metacritic,80.0
tt0095742,IMDb,5.7
tt0095742,Metacritic,56.0
tt0070819,IMDb,6.5
tt0112281,IMDb,6.4
tt0112281,Metacritic,45.0
tt0075629,IMDb,6.5
tt0071110,IMDb,5.7
tt0071110,Metacritic,50.0
tt0078748,IMDb,8.4
tt0078748,Metacritic,65.0
tt0086873,IMDb,6.7
tt0086873,Metacritic,93.0
tt0952640,IMDb,5.2
tt0952640,Metacritic,39.0
tt0765429,IMDb,7.8
tt0765429,Metacritic,76.0
tt0328828,IMDb,6.3
tt0328828,Metacritic,81.0
tt0118615,IMDb,4.8
tt0118615,Metacritic,37.0
tt0808151,IMDb,6.7
tt0808151,Metacritic,48.0
tt0083564,IMDb,6.6
tt0083564,Metacritic,33.0
tt0080377,IMDb,6.1
tt6590506,IMDb,8.3
tt6590506,Metacritic,83.0
tt0112384,IMDb,7.599999999999999
tt0112384,Metacritic,83.0
tt0082031,IMDb,6.9
tt0082031,Metacritic,41.0
tt0103776,IMDb,7.0
tt0103776,Metacritic,68.0
tt0101414,IMDb,8.0
tt0101414,Metacritic,65.0
tt0389790,IMDb,6.1
tt0071206,IMDb,6.1
tt0071206,Metacritic,53.0
tt0094737,IMDb,7.3
tt0094737,Metacritic,74.0
tt0082089,IMDb,7.4
tt0082089,Metacritic,76.0
tt0397892,IMDb,6.8
tt0397892,Metacritic,67.0
tt0103859,IMDb,5.6
tt0112573,IMDb,8.3
tt0112573,Metacritic,68.0
tt0086998,IMDb,5.8
tt0086998,Metacritic,42.0
tt0080472,IMDb,6.1
tt0080472,Metacritic,66.0
tt0082121,IMDb,6.1
tt0082121,Metacritic,55.0
tt0080487,IMDb,7.3
tt0080487,Metacritic,48.0
tt9347730,IMDb,6.0
tt9347730,Metacritic,72.0
tt0112642,IMDb,6.1
tt0112642,Metacritic,49.0
tt0800320,IMDb,5.8
tt0800320,Metacritic,39.0
tt1985966,IMDb,6.4
tt0094889,IMDb,5.9
tt0094889,Metacritic,12.0
tt0369339,IMDb,7.5
tt0369339,Metacritic,23.0
tt0077362,IMDb,7.3
tt0112715,IMDb,5.2
tt0112715,Metacritic,75.0
tt0068408,IMDb,6.1
tt0068408,Metacritic,49.0
tt3104988,IMDb,6.9
tt3104988,Metacritic,74.0
tt0112740,IMDb,7.3
tt0112740,Metacritic,66.0
tt3228774,IMDb,7.4
tt3228774,Metacritic,59.0
tt0106673,IMDb,6.8
tt2103281,IMDb,7.599999999999999
tt2103281,Metacritic,79.0
tt0071402,IMDb,7.0
tt0071402,Metacritic,31.0
tt1323594,IMDb,7.599999999999999
tt1323594,Metacritic,49.0
tt0246460,IMDb,6.1
tt0246460,Metacritic,56.0
tt0095016,IMDb,8.199999999999998
tt0095016,Metacritic,65.0
tt0109635,IMDb,6.1
tt0109635,Metacritic,58.0
tt0118998,IMDb,5.4
tt0118998,Metacritic,34.0
tt1211837,IMDb,7.5
tt1211837,Metacritic,72.0
tt0364725,IMDb,6.7
tt6673612,IMDb,5.6
tt6673612,Metacritic,26.0
tt1059786,IMDb,6.6
tt1059786,Metacritic,43.0
tt0071455,IMDb,5.9
tt0071455,Metacritic,66.0
tt0195685,IMDb,7.4
tt0195685,Metacritic,73.0
tt0076009,IMDb,3.8
tt0076009,Metacritic,39.0
tt0074512,IMDb,6.8
tt0074512,Metacritic,75.0
tt0120667,IMDb,5.7
tt0104231,IMDb,6.6
tt0104231,Metacritic,49.0
tt1013752,IMDb,6.6
tt1013752,Metacritic,58.0
tt0266543,IMDb,8.099999999999998
tt0266543,Metacritic,90.0
tt0080745,IMDb,6.5
tt0080745,Metacritic,58.0
tt0087277,IMDb,6.6
tt0087277,Metacritic,42.0
tt0109830,IMDb,8.8
tt0109830,Metacritic,82.0
tt0077578,IMDb,6.8
tt6264654,IMDb,7.2
tt6264654,Metacritic,62.0
tt0106965,IMDb,6.0
tt0106965,Metacritic,79.0
tt0073026,IMDb,6.3
tt0073026,Metacritic,95.0
tt0074564,IMDb,5.8
tt0074564,Metacritic,41.0
tt3741700,IMDb,6.0
tt3741700,Metacritic,48.0
tt0087355,IMDb,6.8
tt1454468,IMDb,7.7
tt1454468,Metacritic,96.0
tt0087363,IMDb,7.3
tt0087363,Metacritic,70.0
tt0082495,IMDb,6.5
tt0082495,Metacritic,50.0
tt0366548,IMDb,6.4
tt0366548,Metacritic,77.0
tt0330373,IMDb,7.7
tt0330373,Metacritic,81.0
tt0304141,IMDb,7.9
tt0304141,Metacritic,82.0
tt0068699,IMDb,7.5
tt0068699,Metacritic,69.0
tt0386588,IMDb,6.6
tt0386588,Metacritic,63.0
tt0077696,IMDb,6.4
tt0077696,Metacritic,70.0
tt1499658,IMDb,6.8
tt1499658,Metacritic,57.0
tt0102059,IMDb,6.8
tt0102059,Metacritic,61.0
tt0837562,IMDb,7.1
tt0837562,Metacritic,54.0
tt0077699,IMDb,6.7
tt0077699,Metacritic,76.0
tt0480249,IMDb,7.2
tt0097576,IMDb,8.199999999999998
tt0097576,Metacritic,65.0
tt0816692,IMDb,8.599999999999998
tt0816692,Metacritic,74.0
tt1228705,IMDb,7.0
tt0116669,IMDb,5.8
tt0116669,Metacritic,81.0
tt1116184,IMDb,7.0
tt0089360,IMDb,6.5
tt4196776,IMDb,6.6
tt4196776,Metacritic,58.0
tt0068762,IMDb,7.599999999999999
tt0068762,Metacritic,75.0
tt0116695,IMDb,7.3
tt0116695,Metacritic,77.0
tt0116705,IMDb,5.6
tt0116705,Metacritic,34.0
tt0068768,IMDb,6.5
tt0068768,Metacritic,52.0
tt6146586,IMDb,7.4
tt6146586,Metacritic,73.0
tt7286456,IMDb,8.4
tt7286456,Metacritic,59.0
tt2283362,IMDb,6.9
tt2283362,Metacritic,58.0
tt0107290,IMDb,8.099999999999998
tt0974015,IMDb,6.1
tt0360717,IMDb,7.2
tt0360717,Metacritic,62.0
tt1327773,IMDb,7.2
tt1327773,Metacritic,65.0
tt0104714,IMDb,6.7
tt0122151,IMDb,6.6
tt0443272,IMDb,7.3
tt3315342,IMDb,8.099999999999998
tt3315342,Metacritic,77.0
tt0070337,IMDb,5.3
tt2872732,IMDb,6.4
tt2872732,Metacritic,69.0
tt0071788,IMDb,6.6
tt0351283,IMDb,6.9
tt0351283,Metacritic,60.0
tt1915581,IMDb,6.1
tt1587310,IMDb,7.0
tt1587310,Metacritic,56.0
tt0093493,IMDb,5.9
tt0093493,Metacritic,21.0
tt0110478,IMDb,7.0
tt1409024,IMDb,6.8
tt0100157,IMDb,7.8
tt0100157,Metacritic,75.0
tt0280590,IMDb,5.8
tt0280590,Metacritic,24.0
tt0107614,IMDb,7.0
tt0107614,Metacritic,53.0
tt0368891,IMDb,6.9
tt0368891,Metacritic,98.0
tt0465234,IMDb,6.5
tt0465234,Metacritic,48.0
tt2004420,IMDb,6.3
tt2004420,Metacritic,58.0
tt2382320,IMDb,7.5
tt1670345,IMDb,7.2
tt1670345,Metacritic,50.0
tt0144528,IMDb,4.4
tt0144528,Metacritic,38.0
tt0086034,IMDb,6.5
tt0086034,Metacritic,63.0
tt0082853,IMDb,6.5
tt0400717,IMDb,6.1
tt0400717,Metacritic,44.0
tt0093690,IMDb,6.2
tt0093690,Metacritic,55.0
tt0089767,IMDb,7.3
tt0089767,Metacritic,61.0
tt0070511,IMDb,8.0
tt0070511,Metacritic,51.0
tt0098084,IMDb,6.6
tt0098084,Metacritic,38.0
tt1790809,IMDb,6.5
tt1790809,Metacritic,39.0
tt1298650,IMDb,6.6
tt1298650,Metacritic,45.0
tt0133152,IMDb,5.7
tt0133152,Metacritic,82.0
tt0117381,IMDb,7.7
tt0100419,IMDb,5.4
tt0100419,Metacritic,27.0
tt0086154,IMDb,6.5
tt0086154,Metacritic,58.0
tt0073600,IMDb,6.6
tt0073600,Metacritic,53.0
tt0087985,IMDb,6.4
tt0087985,Metacritic,79.0
tt1408253,IMDb,6.2
tt1408253,Metacritic,32.0
tt0955308,IMDb,6.6
tt0955308,Metacritic,32.0
tt0093870,IMDb,7.599999999999999
tt0093870,Metacritic,67.0
tt0089927,IMDb,6.9
tt0089927,Metacritic,40.0
tt0073631,IMDb,6.6
tt0073631,Metacritic,14.0
tt0088011,IMDb,6.9
tt0088011,Metacritic,63.0
tt0120812,IMDb,7.0
tt0120812,Metacritic,60.0
tt0266915,IMDb,6.6
tt0293564,IMDb,6.2
tt0091877,IMDb,6.9
tt0944835,IMDb,6.4
tt0944835,Metacritic,65.0
tt0076666,IMDb,6.8
tt0432348,IMDb,6.6
tt0432348,Metacritic,48.0
tt0306047,IMDb,5.5
tt0267913,IMDb,5.2
tt0267913,Metacritic,35.0
tt0120082,IMDb,6.2
tt0096061,IMDb,7.0
tt0096061,Metacritic,38.0
tt0307453,IMDb,6.0
tt0307453,Metacritic,48.0
tt0988045,IMDb,7.599999999999999
tt0988045,Metacritic,57.0
tt0298148,IMDb,7.2
tt1130884,IMDb,8.199999999999998
tt1130884,Metacritic,63.0
tt0286106,IMDb,6.7
tt0286106,Metacritic,59.0
tt0102945,IMDb,6.3
tt0108160,IMDb,6.8
tt0108160,Metacritic,72.0
tt0076729,IMDb,7.0
tt0076729,Metacritic,50.0
tt3554046,IMDb,4.4
tt3554046,Metacritic,36.0
tt0111257,IMDb,7.2
tt0111257,Metacritic,40.0
tt0413300,IMDb,6.2
tt2660888,IMDb,7.0
tt1408101,IMDb,7.7
tt1408101,Metacritic,72.0
tt0111282,IMDb,7.1
tt0111282,Metacritic,42.0
tt0081562,IMDb,6.8
tt0081562,Metacritic,56.0
tt1398426,IMDb,7.8
tt1398426,Metacritic,72.0
tt1650062,IMDb,7.0
tt1650062,Metacritic,61.0
tt0829482,IMDb,7.599999999999999
tt0829482,Metacritic,76.0
tt0348150,IMDb,6.0
tt0348150,Metacritic,72.0
tt0256415,IMDb,6.2
tt0256415,Metacritic,45.0
tt1397280,IMDb,6.3
tt0075314,IMDb,8.199999999999998
tt0075314,Metacritic,94.0
tt0086425,IMDb,7.4
tt0086425,Metacritic,79.0
tt0072610,IMDb,6.5
tt0078869,IMDb,6.0
tt0078869,Metacritic,71.0
tt0078872,IMDb,7.4
tt0078872,Metacritic,52.0
tt0185937,IMDb,6.5
tt0452594,IMDb,5.8
tt0112579,IMDb,7.599999999999999
tt0112579,Metacritic,69.0
tt7504726,IMDb,6.8
tt0077321,IMDb,6.5
tt0078966,IMDb,7.4
tt0078966,Metacritic,81.0
tt0468569,IMDb,9.0
tt0468569,Metacritic,84.0
tt0377818,IMDb,5.1
tt0377818,Metacritic,33.0
tt0079100,IMDb,6.4
tt0079100,Metacritic,64.0
tt0070047,IMDb,8.0
tt0070047,Metacritic,81.0
tt2582846,IMDb,7.7
tt2582846,Metacritic,69.0
tt0116313,IMDb,6.4
tt0116313,Metacritic,58.0
tt0068638,IMDb,7.4
tt0068638,Metacritic,63.0
tt0076095,IMDb,7.4
tt0076095,Metacritic,64.0
tt0071577,IMDb,6.4
tt0071577,Metacritic,55.0
tt0391198,IMDb,5.9
tt0391198,Metacritic,48.0
tt2404463,IMDb,6.6
tt2404463,Metacritic,76.0
tt0079367,IMDb,7.2
tt0089370,IMDb,6.1
tt0089370,Metacritic,53.0
tt3040964,IMDb,7.4
tt4116284,IMDb,7.3
tt0068853,IMDb,6.9
tt0398165,IMDb,6.4
tt0398165,Metacritic,48.0
tt0167260,IMDb,8.9
tt0119567,IMDb,6.6
tt0234215,IMDb,7.2
tt0234215,Metacritic,62.0
tt0395699,IMDb,5.6
tt0395699,Metacritic,30.0
tt2452042,IMDb,7.1
tt0107798,IMDb,6.6
tt0107798,Metacritic,50.0
tt7798646,IMDb,6.1
tt7798646,Metacritic,32.0
tt0383216,IMDb,5.7
tt0383216,Metacritic,55.0
tt0069113,IMDb,7.1
tt0069113,Metacritic,22.0
tt0368933,IMDb,5.8
tt0368933,Metacritic,43.0
tt0111070,IMDb,6.5
tt0111070,Metacritic,57.0
tt0304669,IMDb,5.7
tt0452681,IMDb,4.8
tt0452681,Metacritic,57.0
tt0070735,IMDb,8.3
tt0070735,Metacritic,83.0
tt0164184,IMDb,6.4
tt0164184,Metacritic,45.0
tt0088247,IMDb,8.0
tt0088247,Metacritic,38.0
tt0084809,IMDb,5.8
tt0084809,Metacritic,95.0
tt0084917,IMDb,7.2
tt0084917,Metacritic,63.0
tt3501632,IMDb,7.9
tt3501632,Metacritic,74.0
tt0081633,IMDb,7.0
tt0081633,Metacritic,79.0
tt0120338,IMDb,7.8
tt0120338,Metacritic,75.0
tt0073812,IMDb,6.6
tt0073812,Metacritic,46.0
tt0092099,IMDb,6.9
tt0092099,Metacritic,50.0
tt0120363,IMDb,7.9
tt3371366,IMDb,5.2
tt3371366,Metacritic,27.0
tt0942385,IMDb,7.0
tt0942385,Metacritic,71.0
tt0332452,IMDb,7.3
tt0332452,Metacritic,56.0
tt0141926,IMDb,6.6
tt0141926,Metacritic,62.0
tt0217869,IMDb,7.3
tt0217869,Metacritic,62.0
tt10059518,IMDb,6.0
tt10059518,Metacritic,40.0
tt0105699,IMDb,6.3
tt0105699,Metacritic,61.0
tt1270797,IMDb,6.7
tt1270797,Metacritic,35.0
tt3450958,IMDb,7.4
tt3450958,Metacritic,82.0
tt0103241,IMDb,7.0
tt0161081,IMDb,6.6
tt0161081,Metacritic,51.0
tt0207201,IMDb,6.4
tt0207201,Metacritic,47.0
tt0098635,IMDb,7.599999999999999
tt0098635,Metacritic,76.0
tt0114924,IMDb,6.7
tt0114924,Metacritic,67.0
tt0120891,IMDb,4.9
tt0120891,Metacritic,81.0
tt0096446,IMDb,7.3
tt0096446,Metacritic,47.0
tt0816711,IMDb,7.0
tt1772341,IMDb,7.7
tt1772341,Metacritic,72.0
